x,y,title,artist,year,cluster,shelf_no,index,description,hover_text,color
-1.8622726,26.662376,Misstrauen,Helene Kuschnarew,2022,2,3.0,0005,,<b>Misstrauen</b><br>Artist: Helene Kuschnarew<br>Year: 2022<br>Cluster: 2<br>Shelf: 3.0<br>ID: 0005,"rgb(190,186,218)"
-16.407309,25.528994,Zwischen den Schatten,Andrii Sachenko,,2,3.0,0191,,<b>Zwischen den Schatten</b><br>Artist: Andrii Sachenko<br>Year: nan<br>Cluster: 2<br>Shelf: 3.0<br>ID: 0191,"rgb(190,186,218)"
-1.6364505,-1.7226863,sunshine,"Fabian, Raphael Sokolowski",2024,4,7.0,0263,,"<b>sunshine</b><br>Artist: Fabian, Raphael Sokolowski<br>Year: 2024<br>Cluster: 4<br>Shelf: 7.0<br>ID: 0263","rgb(128,177,211)"
-1.6671559,25.729761,o.T. (Display),Manuel Boden,2022,4,6.0,0095,,<b>o.T. (Display)</b><br>Artist: Manuel Boden<br>Year: 2022<br>Cluster: 4<br>Shelf: 6.0<br>ID: 0095,"rgb(128,177,211)"
-0.19752231,-25.024994,Flip Flops,Janis Löhrer,2025,1,9.0,0395,,<b>Flip Flops</b><br>Artist: Janis Löhrer<br>Year: 2025<br>Cluster: 1<br>Shelf: 9.0<br>ID: 0395,"rgb(255,255,179)"
4.594384,-24.349184,schwarzer Jackstrap,Janis Löhrer,2025,1,9.0,0406,,<b>schwarzer Jackstrap</b><br>Artist: Janis Löhrer<br>Year: 2025<br>Cluster: 1<br>Shelf: 9.0<br>ID: 0406,"rgb(255,255,179)"
0.90394515,-11.972719,Unvorhergesehenes Ereignis,Andreas Steinbrecher,2020,4,7.0,0011 ,,<b>Unvorhergesehenes Ereignis</b><br>Artist: Andreas Steinbrecher<br>Year: 2020<br>Cluster: 4<br>Shelf: 7.0<br>ID: 0011 ,"rgb(128,177,211)"
4.249952,-9.750843,Sem II,Andreas Steinbrecher,2022,4,7.0,0015,,<b>Sem II</b><br>Artist: Andreas Steinbrecher<br>Year: 2022<br>Cluster: 4<br>Shelf: 7.0<br>ID: 0015,"rgb(128,177,211)"
2.145574,-10.115938,Schrift-Bild,Andreas Steinbrecher,2023,4,7.0,0018,,<b>Schrift-Bild</b><br>Artist: Andreas Steinbrecher<br>Year: 2023<br>Cluster: 4<br>Shelf: 7.0<br>ID: 0018,"rgb(128,177,211)"
4.6286287,-11.21205,Ham,Andreas Steinbrecher,2022,4,7.0,0042,,<b>Ham</b><br>Artist: Andreas Steinbrecher<br>Year: 2022<br>Cluster: 4<br>Shelf: 7.0<br>ID: 0042,"rgb(128,177,211)"
6.81856,-14.797444,STYX,Andreas Steinbrecher,2020,4,7.0,0039,,<b>STYX</b><br>Artist: Andreas Steinbrecher<br>Year: 2020<br>Cluster: 4<br>Shelf: 7.0<br>ID: 0039,"rgb(128,177,211)"
6.743445,-14.782559,STYX,Andreas Steinbrecher,2020,4,7.0,0040,,<b>STYX</b><br>Artist: Andreas Steinbrecher<br>Year: 2020<br>Cluster: 4<br>Shelf: 7.0<br>ID: 0040,"rgb(128,177,211)"
6.81856,-14.797444,STYX,Andreas Steinbrecher,2020,4,7.0,0041,,<b>STYX</b><br>Artist: Andreas Steinbrecher<br>Year: 2020<br>Cluster: 4<br>Shelf: 7.0<br>ID: 0041,"rgb(128,177,211)"
-0.9845358,-16.551128,Cats and Dog,Andreas Steinbrecher,2018,4,7.0,0050,,<b>Cats and Dog</b><br>Artist: Andreas Steinbrecher<br>Year: 2018<br>Cluster: 4<br>Shelf: 7.0<br>ID: 0050,"rgb(128,177,211)"
1.0871451,-12.657532,Verstecktes Tier,Andreas Steinbrecher,2021,4,7.0,0049,,<b>Verstecktes Tier</b><br>Artist: Andreas Steinbrecher<br>Year: 2021<br>Cluster: 4<br>Shelf: 7.0<br>ID: 0049,"rgb(128,177,211)"
5.633941,-11.65861,Haikal,Andreas Steinbrecher,2024,4,7.0,0044,,<b>Haikal</b><br>Artist: Andreas Steinbrecher<br>Year: 2024<br>Cluster: 4<br>Shelf: 7.0<br>ID: 0044,"rgb(128,177,211)"
4.279421,-9.718071,Sem I,Andreas Steinbrecher,2022,4,7.0,0045,,<b>Sem I</b><br>Artist: Andreas Steinbrecher<br>Year: 2022<br>Cluster: 4<br>Shelf: 7.0<br>ID: 0045,"rgb(128,177,211)"
-3.5474753,23.750074,"Counterpart (Off course, Darling)",Linda Skellington,2025,1,1.0,0388,,"<b>Counterpart (Off course, Darling)</b><br>Artist: Linda Skellington<br>Year: 2025<br>Cluster: 1<br>Shelf: 1.0<br>ID: 0388","rgb(255,255,179)"
-4.7611938,7.091322,Air Repair,Manuel Boden,2021/2024,2,3.0,0075,"Bilder des Himmels. Eine Folge von acht Bildern, die ich aus meiner Sammlung von Werbepostkarten von Fluggesellschaften ausgewählt und retuschiert habe. Pictures of the sky. A sequence of eight images","<b>Air Repair</b><br>Artist: Manuel Boden<br>Year: 2021/2024<br>Cluster: 2<br>Shelf: 3.0<br>ID: 0075<br><br>Bilder des Himmels. Eine Folge von acht Bildern, die ich aus meiner Sammlung von Werbepostkarten von Fluggesellschaften ausgewählt und retuschiert hab...","rgb(190,186,218)"
-7.6002207,23.374311,o. T.,Sophie Isabel Urban,2022,4,2.0,0166,,<b>o. T.</b><br>Artist: Sophie Isabel Urban<br>Year: 2022<br>Cluster: 4<br>Shelf: 2.0<br>ID: 0166,"rgb(128,177,211)"
0.308486,25.756834,Tennis,Helene Kuschnarew,2023,1,9.0,0006,,<b>Tennis</b><br>Artist: Helene Kuschnarew<br>Year: 2023<br>Cluster: 1<br>Shelf: 9.0<br>ID: 0006,"rgb(255,255,179)"
-4.0708904,5.229726,Air Repair,Manuel Boden,2021/2024,2,3.0,0077,"Bilder des Himmels. Eine Folge von acht Bildern, die ich aus meiner Sammlung von Werbepostkarten von Fluggesellschaften ausgewählt und retuschiert habe. Pictures of the sky. A sequence of eight images","<b>Air Repair</b><br>Artist: Manuel Boden<br>Year: 2021/2024<br>Cluster: 2<br>Shelf: 3.0<br>ID: 0077<br><br>Bilder des Himmels. Eine Folge von acht Bildern, die ich aus meiner Sammlung von Werbepostkarten von Fluggesellschaften ausgewählt und retuschiert hab...","rgb(190,186,218)"
3.0178123,-14.940698,Double Vision,Andreas Steinbrecher,2021,4,7.0,0012,,<b>Double Vision</b><br>Artist: Andreas Steinbrecher<br>Year: 2021<br>Cluster: 4<br>Shelf: 7.0<br>ID: 0012,"rgb(128,177,211)"
9.121392,-7.793239,o.T.,"Philipp, Emanuel Naujoks",2024,4,7.0,0234,,"<b>o.T.</b><br>Artist: Philipp, Emanuel Naujoks<br>Year: 2024<br>Cluster: 4<br>Shelf: 7.0<br>ID: 0234","rgb(128,177,211)"
-4.0708904,5.229726,Air Repair,Manuel Boden,2021/2024,2,3.0,0076,"Bilder des Himmels. Eine Folge von acht Bildern, die ich aus meiner Sammlung von Werbepostkarten von Fluggesellschaften ausgewählt und retuschiert habe. Pictures of the sky. A sequence of eight images","<b>Air Repair</b><br>Artist: Manuel Boden<br>Year: 2021/2024<br>Cluster: 2<br>Shelf: 3.0<br>ID: 0076<br><br>Bilder des Himmels. Eine Folge von acht Bildern, die ich aus meiner Sammlung von Werbepostkarten von Fluggesellschaften ausgewählt und retuschiert hab...","rgb(190,186,218)"
-5.824258,-7.604582,"Beim Elektrizitätswerk, Mannheim",Lennart Pimpl,2019,4,6.0,0028,,"<b>Beim Elektrizitätswerk, Mannheim</b><br>Artist: Lennart Pimpl<br>Year: 2019<br>Cluster: 4<br>Shelf: 6.0<br>ID: 0028","rgb(128,177,211)"
6.9792504,-3.7610652,Hocker,Paula Rinderle,2024,3,4.0,0060,,<b>Hocker</b><br>Artist: Paula Rinderle<br>Year: 2024<br>Cluster: 3<br>Shelf: 4.0<br>ID: 0060,"rgb(251,128,114)"
2.588793,-13.9129305,Autoportrait I,Andreas Steinbrecher,2020,4,7.0,0010,,<b>Autoportrait I</b><br>Artist: Andreas Steinbrecher<br>Year: 2020<br>Cluster: 4<br>Shelf: 7.0<br>ID: 0010,"rgb(128,177,211)"
-8.580826,15.799556,The Sun,Manuel Boden,2018-ongoing,4,6.0,0093,"Wissenschaftliches Poster über die Sonne, gebleicht durch das Licht eben dieses Sterns. Scientific poster about the sun, bleached by the light of this very star.","<b>The Sun</b><br>Artist: Manuel Boden<br>Year: 2018-ongoing<br>Cluster: 4<br>Shelf: 6.0<br>ID: 0093<br><br>Wissenschaftliches Poster über die Sonne, gebleicht durch das Licht eben dieses Sterns. Scientific poster about the sun, bleached by the light of this...","rgb(128,177,211)"
-5.7832804,27.982477,o. T. (in fleeting memory),Emmélie Lempert,2024,5,8.0,0392,,<b>o. T. (in fleeting memory)</b><br>Artist: Emmélie Lempert<br>Year: 2024<br>Cluster: 5<br>Shelf: 8.0<br>ID: 0392,"rgb(253,180,98)"
15.388601,-5.845734,Pegel 1,Sophie Isabel Urban,2022,4,2.0,0160,,<b>Pegel 1</b><br>Artist: Sophie Isabel Urban<br>Year: 2022<br>Cluster: 4<br>Shelf: 2.0<br>ID: 0160,"rgb(128,177,211)"
15.392784,-5.869665,Pegel 2,Sophie Isabel Urban,2022,4,2.0,0161,,<b>Pegel 2</b><br>Artist: Sophie Isabel Urban<br>Year: 2022<br>Cluster: 4<br>Shelf: 2.0<br>ID: 0161,"rgb(128,177,211)"
-8.230443,21.896923,Gravity,Konstantine Kakabadze,2023,4,2.0,0212,,<b>Gravity</b><br>Artist: Konstantine Kakabadze<br>Year: 2023<br>Cluster: 4<br>Shelf: 2.0<br>ID: 0212,"rgb(128,177,211)"
-6.988824,-6.6823096,"Mannheim, Seckenheim-Hochstätt, Hydranten, Januar 2023",Lennart Pimpl,2023,2,3.0,0026,,"<b>Mannheim, Seckenheim-Hochstätt, Hydranten, Januar 2023</b><br>Artist: Lennart Pimpl<br>Year: 2023<br>Cluster: 2<br>Shelf: 3.0<br>ID: 0026","rgb(190,186,218)"
8.498594,-6.814482,o.T.,Julian Westermann,2020,4,2.0,0268,,<b>o.T.</b><br>Artist: Julian Westermann<br>Year: 2020<br>Cluster: 4<br>Shelf: 2.0<br>ID: 0268,"rgb(128,177,211)"
-21.688015,36.648113,Herbarium - 200 Dollar - Taiwan,Valenta Philipp,2023,4,2.0,0336,,<b>Herbarium - 200 Dollar - Taiwan</b><br>Artist: Valenta Philipp<br>Year: 2023<br>Cluster: 4<br>Shelf: 2.0<br>ID: 0336,"rgb(128,177,211)"
-21.886005,35.89498,Herbarium - 1000 Yen - Japan,Valenta Philipp,2023,4,2.0,0337,,<b>Herbarium - 1000 Yen - Japan</b><br>Artist: Valenta Philipp<br>Year: 2023<br>Cluster: 4<br>Shelf: 2.0<br>ID: 0337,"rgb(128,177,211)"
-21.893055,34.656017,Herbarium - 25000 Dinar - Irak ,Valenta Philipp,2023,4,2.0,0338,,<b>Herbarium - 25000 Dinar - Irak </b><br>Artist: Valenta Philipp<br>Year: 2023<br>Cluster: 4<br>Shelf: 2.0<br>ID: 0338,"rgb(128,177,211)"
-20.65646,36.47332,Herbarium - 10 Dollar - Hong Kong,Valenta Philipp,2023,4,2.0,0339,,<b>Herbarium - 10 Dollar - Hong Kong</b><br>Artist: Valenta Philipp<br>Year: 2023<br>Cluster: 4<br>Shelf: 2.0<br>ID: 0339,"rgb(128,177,211)"
-20.635136,34.957508,Herbarium - 500 Drachmen - Griechenland,Valenta Philipp,2023,4,2.0,0327,,<b>Herbarium - 500 Drachmen - Griechenland</b><br>Artist: Valenta Philipp<br>Year: 2023<br>Cluster: 4<br>Shelf: 2.0<br>ID: 0327,"rgb(128,177,211)"
-20.033266,35.698143,Herbarium - 10 Lari - Georgien,Valenta Philipp,2023,4,2.0,0328,,<b>Herbarium - 10 Lari - Georgien</b><br>Artist: Valenta Philipp<br>Year: 2023<br>Cluster: 4<br>Shelf: 2.0<br>ID: 0328,"rgb(128,177,211)"
-18.817509,36.007107,Herbarium - 1 Markka - Finnland,,2023,4,2.0,0329,,<b>Herbarium - 1 Markka - Finnland</b><br>Artist: nan<br>Year: 2023<br>Cluster: 4<br>Shelf: 2.0<br>ID: 0329,"rgb(128,177,211)"
-19.803467,36.079006,Herbarium- 50 Penni - Estland,Valenta Philipp,2023,4,2.0,0330,,<b>Herbarium- 50 Penni - Estland</b><br>Artist: Valenta Philipp<br>Year: 2023<br>Cluster: 4<br>Shelf: 2.0<br>ID: 0330,"rgb(128,177,211)"
-20.510506,37.363113,Herbarium - 1 Jiao - China,Valenta Philipp,2023,4,2.0,0331,,<b>Herbarium - 1 Jiao - China</b><br>Artist: Valenta Philipp<br>Year: 2023<br>Cluster: 4<br>Shelf: 2.0<br>ID: 0331,"rgb(128,177,211)"
-19.574682,37.581833,Herbarium - 60 Rupien - Bangladesch,Valenta Philipp,2023,4,2.0,0332,,<b>Herbarium - 60 Rupien - Bangladesch</b><br>Artist: Valenta Philipp<br>Year: 2023<br>Cluster: 4<br>Shelf: 2.0<br>ID: 0332,"rgb(128,177,211)"
-20.889418,35.517242,Herbarium - 1000 Manat - Aserbaidschan,Valenta Philipp,2023,4,2.0,0333,,<b>Herbarium - 1000 Manat - Aserbaidschan</b><br>Artist: Valenta Philipp<br>Year: 2023<br>Cluster: 4<br>Shelf: 2.0<br>ID: 0333,"rgb(128,177,211)"
-19.623686,34.413727,Herbarium - 20 Korun (Tee) - Tschechoslowakei,Valenta Philipp,2023,4,2.0,0334,,<b>Herbarium - 20 Korun (Tee) - Tschechoslowakei</b><br>Artist: Valenta Philipp<br>Year: 2023<br>Cluster: 4<br>Shelf: 2.0<br>ID: 0334,"rgb(128,177,211)"
-21.779892,37.78251,Herbarium - 100 Baht - Thailand,Valenta Philipp,2023,4,2.0,0335,,<b>Herbarium - 100 Baht - Thailand</b><br>Artist: Valenta Philipp<br>Year: 2023<br>Cluster: 4<br>Shelf: 2.0<br>ID: 0335,"rgb(128,177,211)"
-21.139263,37.21027,Herbarium - 5 Dong - Vietnam,Valenta Philipp,2023,4,2.0,0340,,<b>Herbarium - 5 Dong - Vietnam</b><br>Artist: Valenta Philipp<br>Year: 2023<br>Cluster: 4<br>Shelf: 2.0<br>ID: 0340,"rgb(128,177,211)"
-12.297655,16.396292,"Edingen-Neckarhausen, Friedrichsfelderstraße, Januar 2023",Lennart Pimpl,2023,2,3.0,0025,,"<b>Edingen-Neckarhausen, Friedrichsfelderstraße, Januar 2023</b><br>Artist: Lennart Pimpl<br>Year: 2023<br>Cluster: 2<br>Shelf: 3.0<br>ID: 0025","rgb(190,186,218)"
-14.006651,23.876537,Fuchs & Enten,Maximilian Cyrill Esters,2024,2,3.0,0031,,<b>Fuchs & Enten</b><br>Artist: Maximilian Cyrill Esters<br>Year: 2024<br>Cluster: 2<br>Shelf: 3.0<br>ID: 0031,"rgb(190,186,218)"
9.262204,-21.503746,Zucht,Paula Rinderle,2023,2,3.0,0068,,<b>Zucht</b><br>Artist: Paula Rinderle<br>Year: 2023<br>Cluster: 2<br>Shelf: 3.0<br>ID: 0068,"rgb(190,186,218)"
9.262186,-21.503927,Zucht,Paula Rinderle,2023,2,3.0,0069,,<b>Zucht</b><br>Artist: Paula Rinderle<br>Year: 2023<br>Cluster: 2<br>Shelf: 3.0<br>ID: 0069,"rgb(190,186,218)"
7.415048,-6.911753,NO,Manuel Boden,2022,2,3.0,0088,,<b>NO</b><br>Artist: Manuel Boden<br>Year: 2022<br>Cluster: 2<br>Shelf: 3.0<br>ID: 0088,"rgb(190,186,218)"
-4.0708904,5.229726,Air Repair,Manuel Boden,2021/2024,2,3.0,0078,"Bilder des Himmels. Eine Folge von acht Bildern, die ich aus meiner Sammlung von Werbepostkarten von Fluggesellschaften ausgewählt und retuschiert habe. Pictures of the sky. A sequence of eight images","<b>Air Repair</b><br>Artist: Manuel Boden<br>Year: 2021/2024<br>Cluster: 2<br>Shelf: 3.0<br>ID: 0078<br><br>Bilder des Himmels. Eine Folge von acht Bildern, die ich aus meiner Sammlung von Werbepostkarten von Fluggesellschaften ausgewählt und retuschiert hab...","rgb(190,186,218)"
-4.289706,3.7588847,Sundown Minolta,Manuel Boden,2023,2,3.0,0082,"Für diese Kleinstauflage von Originalkopien nutzte ich das Minolta EP 4233 Kopiergerät. Die 1989 eingeführte Maschine bietet – neben anderen Besonderheiten - die einzigartige Möglichkeit, Bildsegmente",<b>Sundown Minolta</b><br>Artist: Manuel Boden<br>Year: 2023<br>Cluster: 2<br>Shelf: 3.0<br>ID: 0082<br><br>Für diese Kleinstauflage von Originalkopien nutzte ich das Minolta EP 4233 Kopiergerät. Die 1989 eingeführte Maschine bietet – neben anderen Besonderh...,"rgb(190,186,218)"
3.5144396,-17.671207,Blitzstrahl 67,Manuel Boden,2024,2,3.0,0083,,<b>Blitzstrahl 67</b><br>Artist: Manuel Boden<br>Year: 2024<br>Cluster: 2<br>Shelf: 3.0<br>ID: 0083,"rgb(190,186,218)"
-5.7265577,-11.645595,Zentrierte Sonnenstrahlen schmelzen ein Loch in den Stahl,Manuel Boden,2024,2,3.0,0089,,<b>Zentrierte Sonnenstrahlen schmelzen ein Loch in den Stahl</b><br>Artist: Manuel Boden<br>Year: 2024<br>Cluster: 2<br>Shelf: 3.0<br>ID: 0089,"rgb(190,186,218)"
-0.6536183,-8.135029,ohne Titel,Tabea Borchardt,2029,2,3.0,0216,,<b>ohne Titel</b><br>Artist: Tabea Borchardt<br>Year: 2029<br>Cluster: 2<br>Shelf: 3.0<br>ID: 0216,"rgb(190,186,218)"
7.8959227,-6.557955,o.T.,Manuel Boden,2020,2,3.0,0094,,<b>o.T.</b><br>Artist: Manuel Boden<br>Year: 2020<br>Cluster: 2<br>Shelf: 3.0<br>ID: 0094,"rgb(190,186,218)"
19.679,-11.091276,Sing it Softly for the Song is Wild,Julian Westermann,2024,2,3.0,0098,,<b>Sing it Softly for the Song is Wild</b><br>Artist: Julian Westermann<br>Year: 2024<br>Cluster: 2<br>Shelf: 3.0<br>ID: 0098,"rgb(190,186,218)"
2.3952234,-18.721748,Stiefel,Julian Westermann,2023,2,3.0,0100,,<b>Stiefel</b><br>Artist: Julian Westermann<br>Year: 2023<br>Cluster: 2<br>Shelf: 3.0<br>ID: 0100,"rgb(190,186,218)"
14.787732,-12.188633,replay buffer,Franziska Frings,2025,2,3.0,0446/25,,<b>replay buffer</b><br>Artist: Franziska Frings<br>Year: 2025<br>Cluster: 2<br>Shelf: 3.0<br>ID: 0446/25,"rgb(190,186,218)"
15.235746,7.827108,eyes of women - small size prints,Jung Yun Jang,,2,3.0,0422,,<b>eyes of women - small size prints</b><br>Artist: Jung Yun Jang<br>Year: nan<br>Cluster: 2<br>Shelf: 3.0<br>ID: 0422,"rgb(190,186,218)"
19.80521,-11.110873,Choir full of Longing,Julian Westermann,2024,2,3.0,0104,,<b>Choir full of Longing</b><br>Artist: Julian Westermann<br>Year: 2024<br>Cluster: 2<br>Shelf: 3.0<br>ID: 0104,"rgb(190,186,218)"
-12.850469,25.90328,Yggdrasil,Carolin Israel,2018,2,3.0,0105,bitte ausgepackt mit hadnschuen anfassen,<b>Yggdrasil</b><br>Artist: Carolin Israel<br>Year: 2018<br>Cluster: 2<br>Shelf: 3.0<br>ID: 0105<br><br>bitte ausgepackt mit hadnschuen anfassen...,"rgb(190,186,218)"
13.531216,-12.072025,clean,Franziska Frings,2025,2,3.0,0447/25,,<b>clean</b><br>Artist: Franziska Frings<br>Year: 2025<br>Cluster: 2<br>Shelf: 3.0<br>ID: 0447/25,"rgb(190,186,218)"
-3.425929,35.1979,untitled,Oliver Bleckmann,2024,2,3.0,0470,,<b>untitled</b><br>Artist: Oliver Bleckmann<br>Year: 2024<br>Cluster: 2<br>Shelf: 3.0<br>ID: 0470,"rgb(190,186,218)"
14.214741,8.317494,eyes of women (goddess of a fountain 2),Jung Yun Jang,2023,2,3.0,0426,,<b>eyes of women (goddess of a fountain 2)</b><br>Artist: Jung Yun Jang<br>Year: 2023<br>Cluster: 2<br>Shelf: 3.0<br>ID: 0426,"rgb(190,186,218)"
14.214741,8.317494,eyes of women (goddess of a fountain 2),Jung Yun Jang,2023,3,4.0,0426,,<b>eyes of women (goddess of a fountain 2)</b><br>Artist: Jung Yun Jang<br>Year: 2023<br>Cluster: 3<br>Shelf: 4.0<br>ID: 0426,"rgb(251,128,114)"
16.47287,3.8266838,the possibility of repetition,Jung Yun Jang,2024,2,3.0,0430,,<b>the possibility of repetition</b><br>Artist: Jung Yun Jang<br>Year: 2024<br>Cluster: 2<br>Shelf: 3.0<br>ID: 0430,"rgb(190,186,218)"
-14.541942,0.9490973,hands around the dinner table (untitled),Jung Yun Jang,2018,2,3.0,0434,,<b>hands around the dinner table (untitled)</b><br>Artist: Jung Yun Jang<br>Year: 2018<br>Cluster: 2<br>Shelf: 3.0<br>ID: 0434,"rgb(190,186,218)"
-14.244583,0.5353166,hands around the dinner table (untitled),Jung Yun Jang,2018,2,3.0,0435,,<b>hands around the dinner table (untitled)</b><br>Artist: Jung Yun Jang<br>Year: 2018<br>Cluster: 2<br>Shelf: 3.0<br>ID: 0435,"rgb(190,186,218)"
-15.86867,2.3870356,hands around the dinner table (rolling a cigarette),Jung Yun Jang,2018,2,3.0,0437,,<b>hands around the dinner table (rolling a cigarette)</b><br>Artist: Jung Yun Jang<br>Year: 2018<br>Cluster: 2<br>Shelf: 3.0<br>ID: 0437,"rgb(190,186,218)"
-5.8226748,-7.187642,"Fohlenweide, Mannheim",Lennart Pimpl,2019,4,6.0,0030,,"<b>Fohlenweide, Mannheim</b><br>Artist: Lennart Pimpl<br>Year: 2019<br>Cluster: 4<br>Shelf: 6.0<br>ID: 0030","rgb(128,177,211)"
19.926931,-6.3931847,Orange Line 2,Konstantine Kakabadze,2024,4,2.0,0210,,<b>Orange Line 2</b><br>Artist: Konstantine Kakabadze<br>Year: 2024<br>Cluster: 4<br>Shelf: 2.0<br>ID: 0210,"rgb(128,177,211)"
-14.9150095,0.59117854,"hands around the dinner table (then, there)",Jung Yun Jang,2018,2,3.0,0433,,"<b>hands around the dinner table (then, there)</b><br>Artist: Jung Yun Jang<br>Year: 2018<br>Cluster: 2<br>Shelf: 3.0<br>ID: 0433","rgb(190,186,218)"
10.282219,-18.223804,Vogue Nature,Julian Westermann,2023,2,3.0,0102,,<b>Vogue Nature</b><br>Artist: Julian Westermann<br>Year: 2023<br>Cluster: 2<br>Shelf: 3.0<br>ID: 0102,"rgb(190,186,218)"
6.2609506,-19.824234,Lambada,Simon Wienk-Borgert,2023,2,3.0,0181,,<b>Lambada</b><br>Artist: Simon Wienk-Borgert<br>Year: 2023<br>Cluster: 2<br>Shelf: 3.0<br>ID: 0181,"rgb(190,186,218)"
10.062749,-17.144007,Negative Hallucination,Julian Westermann,2020,2,3.0,0101,,<b>Negative Hallucination</b><br>Artist: Julian Westermann<br>Year: 2020<br>Cluster: 2<br>Shelf: 3.0<br>ID: 0101,"rgb(190,186,218)"
16.371416,5.568169,"mirror, lights, coral",Jung Yun Jang,2017,2,3.0,0427,,"<b>mirror, lights, coral</b><br>Artist: Jung Yun Jang<br>Year: 2017<br>Cluster: 2<br>Shelf: 3.0<br>ID: 0427","rgb(190,186,218)"
22.291067,-16.89491,Blaukopf,Jens Stittgen,,1,1.0,0247,,<b>Blaukopf</b><br>Artist: Jens Stittgen<br>Year: nan<br>Cluster: 1<br>Shelf: 1.0<br>ID: 0247,"rgb(255,255,179)"
1.8711429,-16.770168,D'Artagnan,Manuel Boden,1999/2024,2,3.0,0086,,<b>D'Artagnan</b><br>Artist: Manuel Boden<br>Year: 1999/2024<br>Cluster: 2<br>Shelf: 3.0<br>ID: 0086,"rgb(190,186,218)"
14.149513,-7.770794,Postergirls,Lillith Sachsenhauser,2024,4,2.0,0313,,<b>Postergirls</b><br>Artist: Lillith Sachsenhauser<br>Year: 2024<br>Cluster: 4<br>Shelf: 2.0<br>ID: 0313,"rgb(128,177,211)"
-13.832166,-0.44957379,hand around the dinner table (untitled) ,Jung Yun Jang,2021,2,3.0,0439,,<b>hand around the dinner table (untitled) </b><br>Artist: Jung Yun Jang<br>Year: 2021<br>Cluster: 2<br>Shelf: 3.0<br>ID: 0439,"rgb(190,186,218)"
-4.729,22.153078,Dissolving Touch,Julian Westermann,2022,2,3.0,0099,,<b>Dissolving Touch</b><br>Artist: Julian Westermann<br>Year: 2022<br>Cluster: 2<br>Shelf: 3.0<br>ID: 0099,"rgb(190,186,218)"
13.551622,-5.535514,o. T. ,Sophie Isabel Urban,2022,4,2.0,0163,,<b>o. T. </b><br>Artist: Sophie Isabel Urban<br>Year: 2022<br>Cluster: 4<br>Shelf: 2.0<br>ID: 0163,"rgb(128,177,211)"
-2.372331,21.684017,Cheezmir,Manuel Boden,2024,2,3.0,0073,,<b>Cheezmir</b><br>Artist: Manuel Boden<br>Year: 2024<br>Cluster: 2<br>Shelf: 3.0<br>ID: 0073,"rgb(190,186,218)"
-4.693183,21.026491,Cry of the Fly,Julian Westermann,2024,2,3.0,0103,,<b>Cry of the Fly</b><br>Artist: Julian Westermann<br>Year: 2024<br>Cluster: 2<br>Shelf: 3.0<br>ID: 0103,"rgb(190,186,218)"
-7.8162317,26.50926,Wunsch nach Zärtlichkeit,Paula Rinderle,2022,2,3.0,0064,,<b>Wunsch nach Zärtlichkeit</b><br>Artist: Paula Rinderle<br>Year: 2022<br>Cluster: 2<br>Shelf: 3.0<br>ID: 0064,"rgb(190,186,218)"
5.526004,-17.196981,Nazaré & Figueira da Foz,Manuel Boden,2024,2,3.0,0081,,<b>Nazaré & Figueira da Foz</b><br>Artist: Manuel Boden<br>Year: 2024<br>Cluster: 2<br>Shelf: 3.0<br>ID: 0081,"rgb(190,186,218)"
-1.2593385,-8.829935,ohne Titel,Tabea Borchardt,2029,4,2.0,0219,,<b>ohne Titel</b><br>Artist: Tabea Borchardt<br>Year: 2029<br>Cluster: 4<br>Shelf: 2.0<br>ID: 0219,"rgb(128,177,211)"
13.87694,-14.544554,untitled,Franziska Frings,2024,2,3.0,0177,,<b>untitled</b><br>Artist: Franziska Frings<br>Year: 2024<br>Cluster: 2<br>Shelf: 3.0<br>ID: 0177,"rgb(190,186,218)"
13.9573,-14.743261,untitled,Franziska Frings,2024,2,3.0,0174,,<b>untitled</b><br>Artist: Franziska Frings<br>Year: 2024<br>Cluster: 2<br>Shelf: 3.0<br>ID: 0174,"rgb(190,186,218)"
10.873112,-7.8064027,o. T. ,Lucie Gorzolka,2023,1,1.0,0308,,<b>o. T. </b><br>Artist: Lucie Gorzolka<br>Year: 2023<br>Cluster: 1<br>Shelf: 1.0<br>ID: 0308,"rgb(255,255,179)"
2.8701868,-21.525425,Gemeinschaftsdusche,Janis Löhrer,2025,5,8.0,0394 (10/10),,<b>Gemeinschaftsdusche</b><br>Artist: Janis Löhrer<br>Year: 2025<br>Cluster: 5<br>Shelf: 8.0<br>ID: 0394 (10/10),"rgb(253,180,98)"
-8.253432,32.781616,Verlust der Mitte,Heike Michaela Walter,2010,4,7.0,0107,,<b>Verlust der Mitte</b><br>Artist: Heike Michaela Walter<br>Year: 2010<br>Cluster: 4<br>Shelf: 7.0<br>ID: 0107,"rgb(128,177,211)"
11.370874,1.1547897,international sleep,Deniz Ahmet Saridas,2024,4,2.0,0051,,<b>international sleep</b><br>Artist: Deniz Ahmet Saridas<br>Year: 2024<br>Cluster: 4<br>Shelf: 2.0<br>ID: 0051,"rgb(128,177,211)"
7.2393017,-12.720064,Agon II,Andreas Steinbrecher,2022,4,7.0,0043,,<b>Agon II</b><br>Artist: Andreas Steinbrecher<br>Year: 2022<br>Cluster: 4<br>Shelf: 7.0<br>ID: 0043,"rgb(128,177,211)"
6.3151073,3.3558931,"Rose, Haiti ",Barbara Schwehn,2022,2,3.0,0383,,"<b>Rose, Haiti </b><br>Artist: Barbara Schwehn<br>Year: 2022<br>Cluster: 2<br>Shelf: 3.0<br>ID: 0383","rgb(190,186,218)"
1.4768876,-1.1042744,Kleiner Polyeder,Heike Michaela Walter,2004,4,7.0,0142,,<b>Kleiner Polyeder</b><br>Artist: Heike Michaela Walter<br>Year: 2004<br>Cluster: 4<br>Shelf: 7.0<br>ID: 0142,"rgb(128,177,211)"
-12.246633,16.192501,"Mannheim, Seckenheim-Hochstätt, Mensch mit Hund, Januar 2023",Lennart Pimpl,2023,2,3.0,0027,,"<b>Mannheim, Seckenheim-Hochstätt, Mensch mit Hund, Januar 2023</b><br>Artist: Lennart Pimpl<br>Year: 2023<br>Cluster: 2<br>Shelf: 3.0<br>ID: 0027","rgb(190,186,218)"
0.65235186,31.582466,pissing on a finish line,Madlin Bentlage,2025,4,2.0,0389,,<b>pissing on a finish line</b><br>Artist: Madlin Bentlage<br>Year: 2025<br>Cluster: 4<br>Shelf: 2.0<br>ID: 0389,"rgb(128,177,211)"
0.65235186,31.582466,pissing on a finish line,Madlin Bentlage,2025,5,8.0,0389,,<b>pissing on a finish line</b><br>Artist: Madlin Bentlage<br>Year: 2025<br>Cluster: 5<br>Shelf: 8.0<br>ID: 0389,"rgb(253,180,98)"
4.3052106,-6.8207154,Krippe ,Anna Francesca Fuhrich,2024,5,8.0,0311,,<b>Krippe </b><br>Artist: Anna Francesca Fuhrich<br>Year: 2024<br>Cluster: 5<br>Shelf: 8.0<br>ID: 0311,"rgb(253,180,98)"
10.186717,0.993968,# (untitled),Deniz Ahmet Saridas,2023,4,7.0,0054,,<b># (untitled)</b><br>Artist: Deniz Ahmet Saridas<br>Year: 2023<br>Cluster: 4<br>Shelf: 7.0<br>ID: 0054,"rgb(128,177,211)"
-4.5683885,26.251974,nursing,Paula Rinderle,2025,3,4.0,0390,,<b>nursing</b><br>Artist: Paula Rinderle<br>Year: 2025<br>Cluster: 3<br>Shelf: 4.0<br>ID: 0390,"rgb(251,128,114)"
-4.5686407,26.252045,nursing,Paula Rinderle,2025,1,9.0,0390,,<b>nursing</b><br>Artist: Paula Rinderle<br>Year: 2025<br>Cluster: 1<br>Shelf: 9.0<br>ID: 0390,"rgb(255,255,179)"
-1.9366115,23.2788,Mystery Vase,Manuel Boden,2024,2,3.0,0087,,<b>Mystery Vase</b><br>Artist: Manuel Boden<br>Year: 2024<br>Cluster: 2<br>Shelf: 3.0<br>ID: 0087,"rgb(190,186,218)"
13.368568,-19.906685,"Untitled (Kringe, braun)",Franziska Frings,2021,2,3.0,0071,,"<b>Untitled (Kringe, braun)</b><br>Artist: Franziska Frings<br>Year: 2021<br>Cluster: 2<br>Shelf: 3.0<br>ID: 0071","rgb(190,186,218)"
1.3812412,-11.2348995,Auffahrt,Andreas Steinbrecher,2020,4,7.0,0008,,<b>Auffahrt</b><br>Artist: Andreas Steinbrecher<br>Year: 2020<br>Cluster: 4<br>Shelf: 7.0<br>ID: 0008,"rgb(128,177,211)"
11.493366,-5.4107165, o. T. ,Sophie Isabel Urban,2024,1,1.0,0413,,<b> o. T. </b><br>Artist: Sophie Isabel Urban<br>Year: 2024<br>Cluster: 1<br>Shelf: 1.0<br>ID: 0413,"rgb(255,255,179)"
11.960885,-4.97037,o. T. ,Sophie Isabel Urban,2024,1,1.0,0414,,<b>o. T. </b><br>Artist: Sophie Isabel Urban<br>Year: 2024<br>Cluster: 1<br>Shelf: 1.0<br>ID: 0414,"rgb(255,255,179)"
12.559387,-3.918939,Kachel 02,Sophie Isabel Urban,2024,1,1.0,0415,,<b>Kachel 02</b><br>Artist: Sophie Isabel Urban<br>Year: 2024<br>Cluster: 1<br>Shelf: 1.0<br>ID: 0415,"rgb(255,255,179)"
15.014869,-2.0101502,Ornament 02,Sophie Isabel Urban,2024,1,1.0,0416,,<b>Ornament 02</b><br>Artist: Sophie Isabel Urban<br>Year: 2024<br>Cluster: 1<br>Shelf: 1.0<br>ID: 0416,"rgb(255,255,179)"
-8.485617,20.923756,Airplaine 1-2-3,Konstantine Kakabadze,2022,4,2.0,0213,,<b>Airplaine 1-2-3</b><br>Artist: Konstantine Kakabadze<br>Year: 2022<br>Cluster: 4<br>Shelf: 2.0<br>ID: 0213,"rgb(128,177,211)"
-6.5890727,22.172403,TfR,Paulina Hoffmann,2023,3,4.0,0056,,<b>TfR</b><br>Artist: Paulina Hoffmann<br>Year: 2023<br>Cluster: 3<br>Shelf: 4.0<br>ID: 0056,"rgb(251,128,114)"
-1.8626552,26.662323,Misstrauen,Helene Kuschnarew,2022,2,3.0,0005,,<b>Misstrauen</b><br>Artist: Helene Kuschnarew<br>Year: 2022<br>Cluster: 2<br>Shelf: 3.0<br>ID: 0005,"rgb(190,186,218)"
9.582405,-6.093211,o.T. ,Paulina Hoffmann,2023,3,4.0,0057,,<b>o.T. </b><br>Artist: Paulina Hoffmann<br>Year: 2023<br>Cluster: 3<br>Shelf: 4.0<br>ID: 0057,"rgb(251,128,114)"
18.75835,-19.885239,Baby-Wave,Franziska Frings,2022,3,4.0,0067,,<b>Baby-Wave</b><br>Artist: Franziska Frings<br>Year: 2022<br>Cluster: 3<br>Shelf: 4.0<br>ID: 0067,"rgb(251,128,114)"
9.123528,-5.142667,MmS5,Paulina Hoffmann,2023,3,4.0,0058,,<b>MmS5</b><br>Artist: Paulina Hoffmann<br>Year: 2023<br>Cluster: 3<br>Shelf: 4.0<br>ID: 0058,"rgb(251,128,114)"
-8.019514,-12.464624,SOLBATEMIM editions,Simon Wienk-Borgert,2023–24,3,4.0,0178,,<b>SOLBATEMIM editions</b><br>Artist: Simon Wienk-Borgert<br>Year: 2023–24<br>Cluster: 3<br>Shelf: 4.0<br>ID: 0178,"rgb(251,128,114)"
16.667246,-16.957397,Mixed,Franziska Frings,,3,4.0,0063,,<b>Mixed</b><br>Artist: Franziska Frings<br>Year: nan<br>Cluster: 3<br>Shelf: 4.0<br>ID: 0063,"rgb(251,128,114)"
-6.8333673,26.08075,Brand,Paula Rinderle,2022,3,4.0,0062,,<b>Brand</b><br>Artist: Paula Rinderle<br>Year: 2022<br>Cluster: 3<br>Shelf: 4.0<br>ID: 0062,"rgb(251,128,114)"
8.182763,-8.115968,o.T.,Manuel Boden,2023,3,4.0,0090,,<b>o.T.</b><br>Artist: Manuel Boden<br>Year: 2023<br>Cluster: 3<br>Shelf: 4.0<br>ID: 0090,"rgb(251,128,114)"
-4.364138,-15.578914,Oh come heavy sleep,Tabea Borchardt,2019,3,4.0,0215,,<b>Oh come heavy sleep</b><br>Artist: Tabea Borchardt<br>Year: 2019<br>Cluster: 3<br>Shelf: 4.0<br>ID: 0215,"rgb(251,128,114)"
10.1288805,-16.80816,Hidden Self Traveling Item,Julian Westermann,2024,3,4.0,0267,,<b>Hidden Self Traveling Item</b><br>Artist: Julian Westermann<br>Year: 2024<br>Cluster: 3<br>Shelf: 4.0<br>ID: 0267,"rgb(251,128,114)"
17.087381,2.3295443,THERE IS NO U IN TEAM ,Jung Yun Jang,2025,3,4.0,0421,,<b>THERE IS NO U IN TEAM </b><br>Artist: Jung Yun Jang<br>Year: 2025<br>Cluster: 3<br>Shelf: 4.0<br>ID: 0421,"rgb(251,128,114)"
14.278439,9.212659,eyes of women (statue of liberty),Jung Yun Jang,2023,3,4.0,0424,,<b>eyes of women (statue of liberty)</b><br>Artist: Jung Yun Jang<br>Year: 2023<br>Cluster: 3<br>Shelf: 4.0<br>ID: 0424,"rgb(251,128,114)"
15.481281,9.043808,eyes go women (medusa),Jung Yun Jang,2024,3,4.0,0425,,<b>eyes go women (medusa)</b><br>Artist: Jung Yun Jang<br>Year: 2024<br>Cluster: 3<br>Shelf: 4.0<br>ID: 0425,"rgb(251,128,114)"
-14.392489,-0.077425726,hands around the dinner table (untitled) ,Jung Yun Jang,2018,3,4.0,0432,,<b>hands around the dinner table (untitled) </b><br>Artist: Jung Yun Jang<br>Year: 2018<br>Cluster: 3<br>Shelf: 4.0<br>ID: 0432,"rgb(251,128,114)"
14.09644,-16.845478,untitled,Franziska Frings,2019,3,4.0,0448,,<b>untitled</b><br>Artist: Franziska Frings<br>Year: 2019<br>Cluster: 3<br>Shelf: 4.0<br>ID: 0448,"rgb(251,128,114)"
15.570051,8.239677,eyes of women (virgin and child),Jung Yun Jang,2023,3,4.0,0423,,<b>eyes of women (virgin and child)</b><br>Artist: Jung Yun Jang<br>Year: 2023<br>Cluster: 3<br>Shelf: 4.0<br>ID: 0423,"rgb(251,128,114)"
10.587606,-10.187505,occme,Franziska Frings,2021,3,4.0,0454,,<b>occme</b><br>Artist: Franziska Frings<br>Year: 2021<br>Cluster: 3<br>Shelf: 4.0<br>ID: 0454,"rgb(251,128,114)"
14.816671,-18.149055,Semophor,Franziska Frings,2021,3,4.0,0450,,<b>Semophor</b><br>Artist: Franziska Frings<br>Year: 2021<br>Cluster: 3<br>Shelf: 4.0<br>ID: 0450,"rgb(251,128,114)"
15.058779,-14.277252,untitled (Holzsicheln),Franziska Frings,2021,3,4.0,0451,,<b>untitled (Holzsicheln)</b><br>Artist: Franziska Frings<br>Year: 2021<br>Cluster: 3<br>Shelf: 4.0<br>ID: 0451,"rgb(251,128,114)"
18.286903,-19.540518,giant-wave,Franziska Frings,2021,3,4.0,0455,,<b>giant-wave</b><br>Artist: Franziska Frings<br>Year: 2021<br>Cluster: 3<br>Shelf: 4.0<br>ID: 0455,"rgb(251,128,114)"
-6.198336,25.203966,Handle,Paula Rinderle,2023,3,4.0,0061,,<b>Handle</b><br>Artist: Paula Rinderle<br>Year: 2023<br>Cluster: 3<br>Shelf: 4.0<br>ID: 0061,"rgb(251,128,114)"
4.1537523,-6.905276,Stufen,Anna Francesca Fuhrich,2024,1,5.0,0310,,<b>Stufen</b><br>Artist: Anna Francesca Fuhrich<br>Year: 2024<br>Cluster: 1<br>Shelf: 5.0<br>ID: 0310,"rgb(255,255,179)"
-5.59136,-8.689641,"Beim Großkraftwerk, Mannheim",Lennart Pimpl,2019,4,6.0,0029,,"<b>Beim Großkraftwerk, Mannheim</b><br>Artist: Lennart Pimpl<br>Year: 2019<br>Cluster: 4<br>Shelf: 6.0<br>ID: 0029","rgb(128,177,211)"
-9.21924,-12.726223,Untitled Figure (The Monster),Simon Wienk-Borgert,2021,4,6.0,0179,,<b>Untitled Figure (The Monster)</b><br>Artist: Simon Wienk-Borgert<br>Year: 2021<br>Cluster: 4<br>Shelf: 6.0<br>ID: 0179,"rgb(128,177,211)"
15.21384,4.2634273,untitled (pastel black),Jung Yun Jang,,4,6.0,0431,,<b>untitled (pastel black)</b><br>Artist: Jung Yun Jang<br>Year: nan<br>Cluster: 4<br>Shelf: 6.0<br>ID: 0431,"rgb(128,177,211)"
7.996286,-1.1348419,X-555,Alisa Kulesh,2025,4,6.0,0468,,<b>X-555</b><br>Artist: Alisa Kulesh<br>Year: 2025<br>Cluster: 4<br>Shelf: 6.0<br>ID: 0468,"rgb(128,177,211)"
-4.1579523,-13.58009,Dazwischen/ in-between,Tabea Borchardt,2019,4,6.0,0217,,<b>Dazwischen/ in-between</b><br>Artist: Tabea Borchardt<br>Year: 2019<br>Cluster: 4<br>Shelf: 6.0<br>ID: 0217,"rgb(128,177,211)"
-15.129419,2.930337,hands around the dinner table (family photo),Jung Yun Jang,2018,4,6.0,0438,,<b>hands around the dinner table (family photo)</b><br>Artist: Jung Yun Jang<br>Year: 2018<br>Cluster: 4<br>Shelf: 6.0<br>ID: 0438,"rgb(128,177,211)"
-13.122634,30.608715,sixty / fourty,Deniz Ahmet Saridas,2022,4,7.0,0055,,<b>sixty / fourty</b><br>Artist: Deniz Ahmet Saridas<br>Year: 2022<br>Cluster: 4<br>Shelf: 7.0<br>ID: 0055,"rgb(128,177,211)"
13.092867,-15.399259,untitled (schwarze Tür),Franziska Frings,2023,4,7.0,0096,,<b>untitled (schwarze Tür)</b><br>Artist: Franziska Frings<br>Year: 2023<br>Cluster: 4<br>Shelf: 7.0<br>ID: 0096,"rgb(128,177,211)"
-8.482304,32.65229,Sonnenstein,Heike Michaela Walter,2007,4,7.0,0143,,<b>Sonnenstein</b><br>Artist: Heike Michaela Walter<br>Year: 2007<br>Cluster: 4<br>Shelf: 7.0<br>ID: 0143,"rgb(128,177,211)"
2.4335873,-12.082981,Grube,Andreas Steinbrecher,2021,4,7.0,0009,,<b>Grube</b><br>Artist: Andreas Steinbrecher<br>Year: 2021<br>Cluster: 4<br>Shelf: 7.0<br>ID: 0009,"rgb(128,177,211)"
-8.109823,33.356716,Stein der Weisen,Heike Michaela Walter,,4,7.0,0108,,<b>Stein der Weisen</b><br>Artist: Heike Michaela Walter<br>Year: nan<br>Cluster: 4<br>Shelf: 7.0<br>ID: 0108,"rgb(128,177,211)"
-6.991741,-14.184121,Stein der letzten Generation,Heike Michaela Walter,2020,4,7.0,0109,,<b>Stein der letzten Generation</b><br>Artist: Heike Michaela Walter<br>Year: 2020<br>Cluster: 4<br>Shelf: 7.0<br>ID: 0109,"rgb(128,177,211)"
-8.396612,-9.904093,Hexagramm der Alchemisten,Heike Michaela Walter,2009,4,7.0,0110,,<b>Hexagramm der Alchemisten</b><br>Artist: Heike Michaela Walter<br>Year: 2009<br>Cluster: 4<br>Shelf: 7.0<br>ID: 0110,"rgb(128,177,211)"
-4.6650834,28.133688,'on tiptoes',Emmélie Lempert,2024,4,7.0,0391,,<b>'on tiptoes'</b><br>Artist: Emmélie Lempert<br>Year: 2024<br>Cluster: 4<br>Shelf: 7.0<br>ID: 0391,"rgb(128,177,211)"
17.185072,3.2769659,untitled,Jung Yun Jang,2021,4,7.0,0429,,<b>untitled</b><br>Artist: Jung Yun Jang<br>Year: 2021<br>Cluster: 4<br>Shelf: 7.0<br>ID: 0429,"rgb(128,177,211)"
-15.37612,2.6494386,hands around the dinner table (after the dinner),Jung Yun Jang,2018,4,7.0,0436,,<b>hands around the dinner table (after the dinner)</b><br>Artist: Jung Yun Jang<br>Year: 2018<br>Cluster: 4<br>Shelf: 7.0<br>ID: 0436,"rgb(128,177,211)"
-1.1301998,-11.812458,Mein Wille geschehe,Tassilo Lantermann,2021,5,8.0,0001,,<b>Mein Wille geschehe</b><br>Artist: Tassilo Lantermann<br>Year: 2021<br>Cluster: 5<br>Shelf: 8.0<br>ID: 0001,"rgb(253,180,98)"
-7.8344035,30.152704,Großer Kreis,Manuel Dück,2018,5,8.0,0141,,<b>Großer Kreis</b><br>Artist: Manuel Dück<br>Year: 2018<br>Cluster: 5<br>Shelf: 8.0<br>ID: 0141,"rgb(253,180,98)"
6.1219854,-7.738006,Ouroboros,Manuel Dück,2020,5,8.0,0137,,<b>Ouroboros</b><br>Artist: Manuel Dück<br>Year: 2020<br>Cluster: 5<br>Shelf: 8.0<br>ID: 0137,"rgb(253,180,98)"
4.1844335,0.07200507,"Kandelaber, o.T.",Melanie Richter,2010,1,9.0,0024,,"<b>Kandelaber, o.T.</b><br>Artist: Melanie Richter<br>Year: 2010<br>Cluster: 1<br>Shelf: 9.0<br>ID: 0024","rgb(255,255,179)"
-12.910242,27.940046,ohne Titel,Natalya Matyashek,2023,1,9.0,0185,,<b>ohne Titel</b><br>Artist: Natalya Matyashek<br>Year: 2023<br>Cluster: 1<br>Shelf: 9.0<br>ID: 0185,"rgb(255,255,179)"
-10.858789,30.267687,"Kandelaber, o.T.",Melanie Richter,,1,9.0,0223,,"<b>Kandelaber, o.T.</b><br>Artist: Melanie Richter<br>Year: nan<br>Cluster: 1<br>Shelf: 9.0<br>ID: 0223","rgb(255,255,179)"
2.9393842,-1.5331212,Flaschentrockner I,Melanie Richter,2007,1,9.0,0228,,<b>Flaschentrockner I</b><br>Artist: Melanie Richter<br>Year: 2007<br>Cluster: 1<br>Shelf: 9.0<br>ID: 0228,"rgb(255,255,179)"
22.7851,-1.9698163,"BOTTLE, white wine ",Melanie Richter,2008,1,9.0,0229,,"<b>BOTTLE, white wine </b><br>Artist: Melanie Richter<br>Year: 2008<br>Cluster: 1<br>Shelf: 9.0<br>ID: 0229","rgb(255,255,179)"
22.733576,-2.063955,"BOTTLE, Secco",Melanie Richter,2008,1,9.0,0230,,"<b>BOTTLE, Secco</b><br>Artist: Melanie Richter<br>Year: 2008<br>Cluster: 1<br>Shelf: 9.0<br>ID: 0230","rgb(255,255,179)"
1.7791381,-6.5346007,Suchmaschine (2),Janis Löhrer,2021,1,1.0,0154,,<b>Suchmaschine (2)</b><br>Artist: Janis Löhrer<br>Year: 2021<br>Cluster: 1<br>Shelf: 1.0<br>ID: 0154,"rgb(255,255,179)"
22.706436,-1.8956276,BOTTLE H2O,Melanie Richter,2006,1,9.0,0231,,<b>BOTTLE H2O</b><br>Artist: Melanie Richter<br>Year: 2006<br>Cluster: 1<br>Shelf: 9.0<br>ID: 0231,"rgb(255,255,179)"
15.582337,-16.598982,untitled,Franziska Frings,,1,9.0,0449,,<b>untitled</b><br>Artist: Franziska Frings<br>Year: nan<br>Cluster: 1<br>Shelf: 9.0<br>ID: 0449,"rgb(255,255,179)"
-12.020962,21.71401,Bora,Carolin Israel,2022,1,9.0,0476,,<b>Bora</b><br>Artist: Carolin Israel<br>Year: 2022<br>Cluster: 1<br>Shelf: 9.0<br>ID: 0476,"rgb(255,255,179)"
-2.8281639,-12.741576,o. T. (sechs-teilen),Janis Löhrer,2019,1,1.0,0269,,<b>o. T. (sechs-teilen)</b><br>Artist: Janis Löhrer<br>Year: 2019<br>Cluster: 1<br>Shelf: 1.0<br>ID: 0269,"rgb(255,255,179)"
16.992231,-13.984273,as far as i feel – about thoughts and throughs,Nadine Karl,2024,1,1.0,0198,,<b>as far as i feel – about thoughts and throughs</b><br>Artist: Nadine Karl<br>Year: 2024<br>Cluster: 1<br>Shelf: 1.0<br>ID: 0198,"rgb(255,255,179)"
1.1955969,-6.7793922,Unterhemd,Janis Löhrer,2023–24,1,1.0,0146,,<b>Unterhemd</b><br>Artist: Janis Löhrer<br>Year: 2023–24<br>Cluster: 1<br>Shelf: 1.0<br>ID: 0146,"rgb(255,255,179)"
-3.8214366,-23.811924,Unterhose mit Eingriff,Janis Löhrer,,1,1.0,0147,,<b>Unterhose mit Eingriff</b><br>Artist: Janis Löhrer<br>Year: nan<br>Cluster: 1<br>Shelf: 1.0<br>ID: 0147,"rgb(255,255,179)"
-3.8028607,-23.817867,Unterhose,Janis Löhrer,,1,1.0,0148,,<b>Unterhose</b><br>Artist: Janis Löhrer<br>Year: nan<br>Cluster: 1<br>Shelf: 1.0<br>ID: 0148,"rgb(255,255,179)"
-8.627358,25.12352,Karo 1–2,Sophie Isabel Urban,2022,1,1.0,0164,,<b>Karo 1–2</b><br>Artist: Sophie Isabel Urban<br>Year: 2022<br>Cluster: 1<br>Shelf: 1.0<br>ID: 0164,"rgb(255,255,179)"
-7.782177,23.596155,Keil 1,Sophie Isabel Urban,2022,1,1.0,0162,,<b>Keil 1</b><br>Artist: Sophie Isabel Urban<br>Year: 2022<br>Cluster: 1<br>Shelf: 1.0<br>ID: 0162,"rgb(255,255,179)"
16.465326,-19.05896,Fisure,Franziska Frings,2020,1,1.0,0168,,<b>Fisure</b><br>Artist: Franziska Frings<br>Year: 2020<br>Cluster: 1<br>Shelf: 1.0<br>ID: 0168,"rgb(255,255,179)"
-18.042479,26.156921,o. T.,Andrii Sachenko,2024,2,3.0,0292,,<b>o. T.</b><br>Artist: Andrii Sachenko<br>Year: 2024<br>Cluster: 2<br>Shelf: 3.0<br>ID: 0292,"rgb(190,186,218)"
-17.860836,26.291235,Augenform,Andrii Sachenko,2024,1,1.0,0290,,<b>Augenform</b><br>Artist: Andrii Sachenko<br>Year: 2024<br>Cluster: 1<br>Shelf: 1.0<br>ID: 0290,"rgb(255,255,179)"
6.636726,-10.93679,Helgavik (Kraken),Valenta Philipp,2020,1,1.0,0324,,<b>Helgavik (Kraken)</b><br>Artist: Valenta Philipp<br>Year: 2020<br>Cluster: 1<br>Shelf: 1.0<br>ID: 0324,"rgb(255,255,179)"
9.523948,-8.571911,o. T.,Jani Vrangaki,2023,1,1.0,0347,,<b>o. T.</b><br>Artist: Jani Vrangaki<br>Year: 2023<br>Cluster: 1<br>Shelf: 1.0<br>ID: 0347,"rgb(255,255,179)"
15.030952,-2.0086865,Ornament 01,Sophie Isabel Urban,2024,1,1.0,0410,,<b>Ornament 01</b><br>Artist: Sophie Isabel Urban<br>Year: 2024<br>Cluster: 1<br>Shelf: 1.0<br>ID: 0410,"rgb(255,255,179)"
11.3183,-4.761491,o. T. ,Sophie Isabel Urban,2024,1,1.0,0411,,<b>o. T. </b><br>Artist: Sophie Isabel Urban<br>Year: 2024<br>Cluster: 1<br>Shelf: 1.0<br>ID: 0411,"rgb(255,255,179)"
11.493366,-5.4107165,o. T. ,Sophie Isabel Urban,2024,1,1.0,0412,,<b>o. T. </b><br>Artist: Sophie Isabel Urban<br>Year: 2024<br>Cluster: 1<br>Shelf: 1.0<br>ID: 0412,"rgb(255,255,179)"
-8.5088,27.529015,ohne Titel,Paula Rinderle,2024,1,5.0,0066,,<b>ohne Titel</b><br>Artist: Paula Rinderle<br>Year: 2024<br>Cluster: 1<br>Shelf: 5.0<br>ID: 0066,"rgb(255,255,179)"
24.163364,-10.319496,"palimpsest memory (I, II, III)",Alisa Kulesh,2025,1,5.0,0481,,"<b>palimpsest memory (I, II, III)</b><br>Artist: Alisa Kulesh<br>Year: 2025<br>Cluster: 1<br>Shelf: 5.0<br>ID: 0481","rgb(255,255,179)"
-6.687346,20.805878,Tassilo Lantermann,Tassilo Lantermann,2021,1,1.0,0002,,<b>Tassilo Lantermann</b><br>Artist: Tassilo Lantermann<br>Year: 2021<br>Cluster: 1<br>Shelf: 1.0<br>ID: 0002,"rgb(255,255,179)"
4.156074,0.045055892,"Kandelaber, o.T.",Melanie Richter,2011,1,1.0,0023,,"<b>Kandelaber, o.T.</b><br>Artist: Melanie Richter<br>Year: 2011<br>Cluster: 1<br>Shelf: 1.0<br>ID: 0023","rgb(255,255,179)"
-10.21845,27.830347,ohne Titel ,Paula Rinderle,2021,1,1.0,0072,,<b>ohne Titel </b><br>Artist: Paula Rinderle<br>Year: 2021<br>Cluster: 1<br>Shelf: 1.0<br>ID: 0072,"rgb(255,255,179)"
11.167107,-12.389876,Victory,Eric Hubbes,2022,1,1.0,0114,,<b>Victory</b><br>Artist: Eric Hubbes<br>Year: 2022<br>Cluster: 1<br>Shelf: 1.0<br>ID: 0114,"rgb(255,255,179)"
-15.718574,21.17051,Falscher Stolz,Eric Hubbes,2021,1,1.0,0115,,<b>Falscher Stolz</b><br>Artist: Eric Hubbes<br>Year: 2021<br>Cluster: 1<br>Shelf: 1.0<br>ID: 0115,"rgb(255,255,179)"
-17.858925,18.994696,Battelship,Eric Hubbes,2019,1,1.0,0135,,<b>Battelship</b><br>Artist: Eric Hubbes<br>Year: 2019<br>Cluster: 1<br>Shelf: 1.0<br>ID: 0135,"rgb(255,255,179)"
-16.428705,19.257524,Die Verführung,Eric Hubbes,2017,1,1.0,0136,,<b>Die Verführung</b><br>Artist: Eric Hubbes<br>Year: 2017<br>Cluster: 1<br>Shelf: 1.0<br>ID: 0136,"rgb(255,255,179)"
16.477396,-19.077288,Fissure,Franziska Frings,2020,1,1.0,0168,,<b>Fissure</b><br>Artist: Franziska Frings<br>Year: 2020<br>Cluster: 1<br>Shelf: 1.0<br>ID: 0168,"rgb(255,255,179)"
20.514303,-16.568483,Mappe Grau,Franziska Frings,,1,1.0,1070,,<b>Mappe Grau</b><br>Artist: Franziska Frings<br>Year: nan<br>Cluster: 1<br>Shelf: 1.0<br>ID: 1070,"rgb(255,255,179)"
21.29529,-16.71932,Mappe Blau,Franziska Frings,,1,1.0,0171,,<b>Mappe Blau</b><br>Artist: Franziska Frings<br>Year: nan<br>Cluster: 1<br>Shelf: 1.0<br>ID: 0171,"rgb(255,255,179)"
15.8288555,-15.316402,untitled,Franziska Frings,,1,1.0,0175,,<b>untitled</b><br>Artist: Franziska Frings<br>Year: nan<br>Cluster: 1<br>Shelf: 1.0<br>ID: 0175,"rgb(255,255,179)"
15.854409,-21.035505,Thyros I,Franziska Frings,2020,1,1.0,0172,,<b>Thyros I</b><br>Artist: Franziska Frings<br>Year: 2020<br>Cluster: 1<br>Shelf: 1.0<br>ID: 0172,"rgb(255,255,179)"
15.8481655,-21.292887,Thyros II,Franziska Frings,2020,1,1.0,0173,,<b>Thyros II</b><br>Artist: Franziska Frings<br>Year: 2020<br>Cluster: 1<br>Shelf: 1.0<br>ID: 0173,"rgb(255,255,179)"
-13.100736,22.415638,Gelbgänger,Lucie Gorzolka,2024,1,1.0,0305,,<b>Gelbgänger</b><br>Artist: Lucie Gorzolka<br>Year: 2024<br>Cluster: 1<br>Shelf: 1.0<br>ID: 0305,"rgb(255,255,179)"
5.9341326,-1.307352,PALIBABY o.T. ,Melanie Richter,,1,1.0,0225,,<b>PALIBABY o.T. </b><br>Artist: Melanie Richter<br>Year: nan<br>Cluster: 1<br>Shelf: 1.0<br>ID: 0225,"rgb(255,255,179)"
11.271666,-8.272006,o. T. ,Lucie Gorzolka,2024,1,1.0,0300,,<b>o. T. </b><br>Artist: Lucie Gorzolka<br>Year: 2024<br>Cluster: 1<br>Shelf: 1.0<br>ID: 0300,"rgb(255,255,179)"
11.899523,-9.433986,Platanen,Lucie Gorzolka,2023,1,1.0,0307,,<b>Platanen</b><br>Artist: Lucie Gorzolka<br>Year: 2023<br>Cluster: 1<br>Shelf: 1.0<br>ID: 0307,"rgb(255,255,179)"
1.2171509,2.302747,No Title (Floor),Nura Afnan-Samandari,2024,1,1.0,0386,At first glance the work No title (Floor) is not distinguishable from the exhibition architecture. A seemingly empty room with bare walls allows the viewer to be in its center – to take space. While a,<b>No Title (Floor)</b><br>Artist: Nura Afnan-Samandari<br>Year: 2024<br>Cluster: 1<br>Shelf: 1.0<br>ID: 0386<br><br>At first glance the work No title (Floor) is not distinguishable from the exhibition architecture. A seemingly empty room with bare walls allows the v...,"rgb(255,255,179)"
-10.615807,21.698862,casual water,Lucie Gorzolka,2024,1,1.0,0473,,<b>casual water</b><br>Artist: Lucie Gorzolka<br>Year: 2024<br>Cluster: 1<br>Shelf: 1.0<br>ID: 0473,"rgb(255,255,179)"
15.970551,4.1690083,ohne Titel,Jung Yun Jang,,1,1.0,0428,,<b>ohne Titel</b><br>Artist: Jung Yun Jang<br>Year: nan<br>Cluster: 1<br>Shelf: 1.0<br>ID: 0428,"rgb(255,255,179)"
-11.130331,25.269865,Ohne Titel (Gartenzwerge),Lucie Gorzolka,2025,1,1.0,0475,,<b>Ohne Titel (Gartenzwerge)</b><br>Artist: Lucie Gorzolka<br>Year: 2025<br>Cluster: 1<br>Shelf: 1.0<br>ID: 0475,"rgb(255,255,179)"
-10.934099,24.623981,Ohne Titel (Elefanten),Lucie Gorzolka,2025,1,1.0,0474,,<b>Ohne Titel (Elefanten)</b><br>Artist: Lucie Gorzolka<br>Year: 2025<br>Cluster: 1<br>Shelf: 1.0<br>ID: 0474,"rgb(255,255,179)"
4.691378,-18.837816,Neues Licht,Manuel Boden,2024,4,2.0,0080,,<b>Neues Licht</b><br>Artist: Manuel Boden<br>Year: 2024<br>Cluster: 4<br>Shelf: 2.0<br>ID: 0080,"rgb(128,177,211)"
-8.79516,18.866816,o.T. (Flieger Postkarten),Manuel Boden,2021,4,2.0,0091,,<b>o.T. (Flieger Postkarten)</b><br>Artist: Manuel Boden<br>Year: 2021<br>Cluster: 4<br>Shelf: 2.0<br>ID: 0091,"rgb(128,177,211)"
-8.735071,16.539299,o.T. (Postkarten Sonnenuntergang) ,Manuel Boden,2024,4,2.0,0092,,<b>o.T. (Postkarten Sonnenuntergang) </b><br>Artist: Manuel Boden<br>Year: 2024<br>Cluster: 4<br>Shelf: 2.0<br>ID: 0092,"rgb(128,177,211)"
2.2110746,-25.885258,Jockey,Janis Löhrer,,4,2.0,0145,,<b>Jockey</b><br>Artist: Janis Löhrer<br>Year: nan<br>Cluster: 4<br>Shelf: 2.0<br>ID: 0145,"rgb(128,177,211)"
4.8719406,-22.275438,Intersection,Janis Löhrer,2023,4,2.0,0149,,<b>Intersection</b><br>Artist: Janis Löhrer<br>Year: 2023<br>Cluster: 4<br>Shelf: 2.0<br>ID: 0149,"rgb(128,177,211)"
6.189131,-22.41232,Out in the open,Janis Löhrer,2023,4,2.0,0150,,<b>Out in the open</b><br>Artist: Janis Löhrer<br>Year: 2023<br>Cluster: 4<br>Shelf: 2.0<br>ID: 0150,"rgb(128,177,211)"
13.553417,-6.0836062,o. T.,Sophie Isabel Urban,2022,4,2.0,0155,,<b>o. T.</b><br>Artist: Sophie Isabel Urban<br>Year: 2022<br>Cluster: 4<br>Shelf: 2.0<br>ID: 0155,"rgb(128,177,211)"
13.109114,-5.9105005,o. T. ,Sophie Isabel Urban,2022,4,2.0,0156,,<b>o. T. </b><br>Artist: Sophie Isabel Urban<br>Year: 2022<br>Cluster: 4<br>Shelf: 2.0<br>ID: 0156,"rgb(128,177,211)"
-7.4287786,24.104717,Pfeil 1,Sophie Isabel Urban,2023,4,2.0,0157,,<b>Pfeil 1</b><br>Artist: Sophie Isabel Urban<br>Year: 2023<br>Cluster: 4<br>Shelf: 2.0<br>ID: 0157,"rgb(128,177,211)"
-8.4105015,23.273869,Spirale 2,Sophie Isabel Urban,2022,4,2.0,0158,,<b>Spirale 2</b><br>Artist: Sophie Isabel Urban<br>Year: 2022<br>Cluster: 4<br>Shelf: 2.0<br>ID: 0158,"rgb(128,177,211)"
14.543435,-4.191029,Spirale 1,Sophie Isabel Urban,2022,4,2.0,0159,,<b>Spirale 1</b><br>Artist: Sophie Isabel Urban<br>Year: 2022<br>Cluster: 4<br>Shelf: 2.0<br>ID: 0159,"rgb(128,177,211)"
13.94265,-12.946841,untitled (Dypt.),Franziska Frings,2024,4,6.0,0169,,<b>untitled (Dypt.)</b><br>Artist: Franziska Frings<br>Year: 2024<br>Cluster: 4<br>Shelf: 6.0<br>ID: 0169,"rgb(128,177,211)"
0.6340186,-8.625198,ohne Titel,Konstantine Kakabadze,2023,4,2.0,0211,,<b>ohne Titel</b><br>Artist: Konstantine Kakabadze<br>Year: 2023<br>Cluster: 4<br>Shelf: 2.0<br>ID: 0211,"rgb(128,177,211)"
-17.110647,28.497946,Grabbeigaben II,Natalya Matyashek,2023,1,9.0,0183,,<b>Grabbeigaben II</b><br>Artist: Natalya Matyashek<br>Year: 2023<br>Cluster: 1<br>Shelf: 9.0<br>ID: 0183,"rgb(255,255,179)"
-13.224397,27.275438,ohne Titel (Florenz),Natalya Matyashek,2024,1,9.0,0186,,<b>ohne Titel (Florenz)</b><br>Artist: Natalya Matyashek<br>Year: 2024<br>Cluster: 1<br>Shelf: 9.0<br>ID: 0186,"rgb(255,255,179)"
-14.945692,28.64527,Sogni d'oro I,Natalya Matyashek,2023,1,9.0,0187,,<b>Sogni d'oro I</b><br>Artist: Natalya Matyashek<br>Year: 2023<br>Cluster: 1<br>Shelf: 9.0<br>ID: 0187,"rgb(255,255,179)"
-14.794538,28.851336,Sogni d´oro II,Natalya Matyashek,2023,1,9.0,0188,,<b>Sogni d´oro II</b><br>Artist: Natalya Matyashek<br>Year: 2023<br>Cluster: 1<br>Shelf: 9.0<br>ID: 0188,"rgb(255,255,179)"
-14.682568,29.566069,Sogni d´oro III,Natalya Matyashek,2024,1,9.0,0189,,<b>Sogni d´oro III</b><br>Artist: Natalya Matyashek<br>Year: 2024<br>Cluster: 1<br>Shelf: 9.0<br>ID: 0189,"rgb(255,255,179)"
-14.443449,29.499056,Sogni d´oro IV,Natalya Matyashek,2024,1,9.0,0190,,<b>Sogni d´oro IV</b><br>Artist: Natalya Matyashek<br>Year: 2024<br>Cluster: 1<br>Shelf: 9.0<br>ID: 0190,"rgb(255,255,179)"
7.668984,-17.946617,Rise and Fall,Manuel Dück,2021/22,2,3.0,0140,,<b>Rise and Fall</b><br>Artist: Manuel Dück<br>Year: 2021/22<br>Cluster: 2<br>Shelf: 3.0<br>ID: 0140,"rgb(190,186,218)"
24.243456,-9.667344,Palimpsest memory V (green),Alisa Kulesh,2025,4,6.0,0483,,<b>Palimpsest memory V (green)</b><br>Artist: Alisa Kulesh<br>Year: 2025<br>Cluster: 4<br>Shelf: 6.0<br>ID: 0483,"rgb(128,177,211)"
24.15775,-10.523739,Palimpsest memory IV (blue),Alisa Kulesh,2025,4,6.0,0482,,<b>Palimpsest memory IV (blue)</b><br>Artist: Alisa Kulesh<br>Year: 2025<br>Cluster: 4<br>Shelf: 6.0<br>ID: 0482,"rgb(128,177,211)"
-11.817736,35.398014,Pomegranate,Paula Rinderle,2025,5,0.0,0480,,<b>Pomegranate</b><br>Artist: Paula Rinderle<br>Year: 2025<br>Cluster: 5<br>Shelf: 0.0<br>ID: 0480,"rgb(253,180,98)"
-11.817736,35.398014,Pomegranate,Paula Rinderle,2025,1,5.0,0480,,<b>Pomegranate</b><br>Artist: Paula Rinderle<br>Year: 2025<br>Cluster: 1<br>Shelf: 5.0<br>ID: 0480,"rgb(255,255,179)"
-14.984328,26.91688,"Faith, Hope, Love (paper works)",Jung Yun Jang,2020–22,3,4.0,0443,,"<b>Faith, Hope, Love (paper works)</b><br>Artist: Jung Yun Jang<br>Year: 2020–22<br>Cluster: 3<br>Shelf: 4.0<br>ID: 0443","rgb(251,128,114)"
-9.065346,25.172096,UNTERBAU I–II,Sophie Isabel Urban,2022,4,2.0,0167,,<b>UNTERBAU I–II</b><br>Artist: Sophie Isabel Urban<br>Year: 2022<br>Cluster: 4<br>Shelf: 2.0<br>ID: 0167,"rgb(128,177,211)"
-10.912953,30.462358,"KANDELABER,o.T (schwarz)",Melanie Richter,2010,1,9.0,0220,,"<b>KANDELABER,o.T (schwarz)</b><br>Artist: Melanie Richter<br>Year: 2010<br>Cluster: 1<br>Shelf: 9.0<br>ID: 0220","rgb(255,255,179)"
-11.081584,31.020111,"KANDELABER, o.T. (rot)",Melanie Richter,2010,1,9.0,0221,,"<b>KANDELABER, o.T. (rot)</b><br>Artist: Melanie Richter<br>Year: 2010<br>Cluster: 1<br>Shelf: 9.0<br>ID: 0221","rgb(255,255,179)"
-9.903526,-12.664749,"untitled figure (white, tight jacket)",Simon Wienk-Borgert,2023,4,6.0,0261,,"<b>untitled figure (white, tight jacket)</b><br>Artist: Simon Wienk-Borgert<br>Year: 2023<br>Cluster: 4<br>Shelf: 6.0<br>ID: 0261","rgb(128,177,211)"
-23.28927,27.935835,Orchideen im Wohnzimmer meiner Eltern 1,Eric Hubbes,2022,4,2.0,0128,,<b>Orchideen im Wohnzimmer meiner Eltern 1</b><br>Artist: Eric Hubbes<br>Year: 2022<br>Cluster: 4<br>Shelf: 2.0<br>ID: 0128,"rgb(128,177,211)"
2.5155346,-24.856838,Sporthose,Janis Löhrer,2025,1,9.0,0396,,<b>Sporthose</b><br>Artist: Janis Löhrer<br>Year: 2025<br>Cluster: 1<br>Shelf: 9.0<br>ID: 0396,"rgb(255,255,179)"
0.6011642,-27.42217,Dirty Trainer 1,Janis Löhrer,2024,1,9.0,0397,,<b>Dirty Trainer 1</b><br>Artist: Janis Löhrer<br>Year: 2024<br>Cluster: 1<br>Shelf: 9.0<br>ID: 0397,"rgb(255,255,179)"
0.10608888,-24.31991,Handschuhe,Janis Löhrer,2025,1,9.0,0401,,<b>Handschuhe</b><br>Artist: Janis Löhrer<br>Year: 2025<br>Cluster: 1<br>Shelf: 9.0<br>ID: 0401,"rgb(255,255,179)"
3.4141011,-22.01788,Krummer Nagel,Janis Löhrer,2025,1,9.0,0398,,<b>Krummer Nagel</b><br>Artist: Janis Löhrer<br>Year: 2025<br>Cluster: 1<br>Shelf: 9.0<br>ID: 0398,"rgb(255,255,179)"
2.6720574,-23.714983,Bodybuich,Janis Löhrer,2025,1,9.0,0399,,<b>Bodybuich</b><br>Artist: Janis Löhrer<br>Year: 2025<br>Cluster: 1<br>Shelf: 9.0<br>ID: 0399,"rgb(255,255,179)"
4.231632,-20.750088,Portemonnaie ,Janis Löhrer,2025,1,9.0,0400,,<b>Portemonnaie </b><br>Artist: Janis Löhrer<br>Year: 2025<br>Cluster: 1<br>Shelf: 9.0<br>ID: 0400,"rgb(255,255,179)"
4.2826037,-22.800394,Schild,Janis Löhrer,2025,4,2.0,0404,,<b>Schild</b><br>Artist: Janis Löhrer<br>Year: 2025<br>Cluster: 4<br>Shelf: 2.0<br>ID: 0404,"rgb(128,177,211)"
5.0857434,-26.689629,Black Speedo,Janis Löhrer,2025,1,9.0,0405,,<b>Black Speedo</b><br>Artist: Janis Löhrer<br>Year: 2025<br>Cluster: 1<br>Shelf: 9.0<br>ID: 0405,"rgb(255,255,179)"
8.641846,-0.42114067,Nostalgic Chair,Majd Suliman,2020,5,0.0,0479,,<b>Nostalgic Chair</b><br>Artist: Majd Suliman<br>Year: 2020<br>Cluster: 5<br>Shelf: 0.0<br>ID: 0479,"rgb(253,180,98)"
-3.2195988,34.906193,untitled,Oliver Bleckmann,2024,2,3.0,0469,,<b>untitled</b><br>Artist: Oliver Bleckmann<br>Year: 2024<br>Cluster: 2<br>Shelf: 3.0<br>ID: 0469,"rgb(190,186,218)"
-3.2162623,34.898247,untitled,Oliver Bleckmann,2024,2,3.0,0471,,<b>untitled</b><br>Artist: Oliver Bleckmann<br>Year: 2024<br>Cluster: 2<br>Shelf: 3.0<br>ID: 0471,"rgb(190,186,218)"
-0.25754505,27.88995,sandbox pilgrimage,Liora Epstein,2025,1,1.0,0444,,<b>sandbox pilgrimage</b><br>Artist: Liora Epstein<br>Year: 2025<br>Cluster: 1<br>Shelf: 1.0<br>ID: 0444,"rgb(255,255,179)"
-5.517772,28.157612,o. T. (tethered),Emmélie Lempert,2024,5,8.0,0393,,<b>o. T. (tethered)</b><br>Artist: Emmélie Lempert<br>Year: 2024<br>Cluster: 5<br>Shelf: 8.0<br>ID: 0393,"rgb(253,180,98)"
-11.3752775,22.87242,o. T. ,Lucie Gorzolka,2024,1,1.0,0306,,<b>o. T. </b><br>Artist: Lucie Gorzolka<br>Year: 2024<br>Cluster: 1<br>Shelf: 1.0<br>ID: 0306,"rgb(255,255,179)"
-2.9908495,30.239077,"A house is built of bricks and beams, a home is made of love and dreams",Lillith Sachsenhauser,2024,4,2.0,0315,,"<b>A house is built of bricks and beams, a home is made of love and dreams</b><br>Artist: Lillith Sachsenhauser<br>Year: 2024<br>Cluster: 4<br>Shelf: 2.0<br>ID: 0315","rgb(128,177,211)"
-16.10234,17.24983,I LIKE BIG BUCKS AND I CANNOT LIE,Valenta Philipp,2014/23,4,2.0,0326,"Der Kult-Song des Rappers „Sir-Mix-a-lot“ „I like big butts and I cannot lie“ ist weitreichend bekannt und wird für diverse Zwecke immer wieder verändert.

Der Spitzname des Dollars, „buck“, passt her",<b>I LIKE BIG BUCKS AND I CANNOT LIE</b><br>Artist: Valenta Philipp<br>Year: 2014/23<br>Cluster: 4<br>Shelf: 2.0<br>ID: 0326<br><br>Der Kult-Song des Rappers „Sir-Mix-a-lot“ „I like big butts and I cannot lie“ ist weitreichend bekannt und wird für diverse Zwecke immer wieder veränd...,"rgb(128,177,211)"
-11.366274,26.540476,Graphs (30 Zeichnungen),Valenta Philipp,2018,4,2.0,0323,,<b>Graphs (30 Zeichnungen)</b><br>Artist: Valenta Philipp<br>Year: 2018<br>Cluster: 4<br>Shelf: 2.0<br>ID: 0323,"rgb(128,177,211)"
5.644255,-4.5330286,Wunsch (2/4),Paula Rinderle,2022,0,,0069,,<b>Wunsch (2/4)</b><br>Artist: Paula Rinderle<br>Year: 2022<br>Cluster: 0<br>Shelf: nan<br>ID: 0069,"rgb(141,211,199)"
5.636485,-4.5474153,Wunsch (3/4),Paula Rinderle,2022,0,,0068,,<b>Wunsch (3/4)</b><br>Artist: Paula Rinderle<br>Year: 2022<br>Cluster: 0<br>Shelf: nan<br>ID: 0068,"rgb(141,211,199)"
4.238767,-18.033194,Wird freigegeben 1,Manuel Boden,2022,0,,0096,,<b>Wird freigegeben 1</b><br>Artist: Manuel Boden<br>Year: 2022<br>Cluster: 0<br>Shelf: nan<br>ID: 0096,"rgb(141,211,199)"
5.584883,-4.455217,Wunsch (1/4),Paula Rinderle,2022,0,,0067,,<b>Wunsch (1/4)</b><br>Artist: Paula Rinderle<br>Year: 2022<br>Cluster: 0<br>Shelf: nan<br>ID: 0067,"rgb(141,211,199)"
7.2336135,-27.581171,Schwarze Cap,Janis Löhrer,2025,0,,0402,,<b>Schwarze Cap</b><br>Artist: Janis Löhrer<br>Year: 2025<br>Cluster: 0<br>Shelf: nan<br>ID: 0402,"rgb(141,211,199)"
-14.851833,24.954853,Figur im Freien,Andreas Steinbrecher,2023,0,,0019,,<b>Figur im Freien</b><br>Artist: Andreas Steinbrecher<br>Year: 2023<br>Cluster: 0<br>Shelf: nan<br>ID: 0019,"rgb(141,211,199)"
-15.615011,23.187689,Invidia,Andreas Steinbrecher,2022,0,,0016,,<b>Invidia</b><br>Artist: Andreas Steinbrecher<br>Year: 2022<br>Cluster: 0<br>Shelf: nan<br>ID: 0016,"rgb(141,211,199)"
3.0689793,-13.325773,Performer,Andreas Steinbrecher,2023,0,,0020,,<b>Performer</b><br>Artist: Andreas Steinbrecher<br>Year: 2023<br>Cluster: 0<br>Shelf: nan<br>ID: 0020,"rgb(141,211,199)"
16.023342,-26.830696,Totem II,Andreas Steinbrecher,2022,0,,0017,,<b>Totem II</b><br>Artist: Andreas Steinbrecher<br>Year: 2022<br>Cluster: 0<br>Shelf: nan<br>ID: 0017,"rgb(141,211,199)"
3.519814,-11.688241,AURA,Andreas Steinbrecher,2023,0,,0021,,<b>AURA</b><br>Artist: Andreas Steinbrecher<br>Year: 2023<br>Cluster: 0<br>Shelf: nan<br>ID: 0021,"rgb(141,211,199)"
1.3500719,-14.270173,Katzenpaar,Andreas Steinbrecher,2020,0,,0022,,<b>Katzenpaar</b><br>Artist: Andreas Steinbrecher<br>Year: 2020<br>Cluster: 0<br>Shelf: nan<br>ID: 0022,"rgb(141,211,199)"
7.1219964,-12.426391,Agon IV,Andreas Steinbrecher,2023,0,,0032,,<b>Agon IV</b><br>Artist: Andreas Steinbrecher<br>Year: 2023<br>Cluster: 0<br>Shelf: nan<br>ID: 0032,"rgb(141,211,199)"
16.02401,-26.836725,Totem,Andreas Steinbrecher,2018,0,,0034,,<b>Totem</b><br>Artist: Andreas Steinbrecher<br>Year: 2018<br>Cluster: 0<br>Shelf: nan<br>ID: 0034,"rgb(141,211,199)"
-1.8919061,-17.326641,Katze im Regen I,Andreas Steinbrecher,2019,0,,0036,,<b>Katze im Regen I</b><br>Artist: Andreas Steinbrecher<br>Year: 2019<br>Cluster: 0<br>Shelf: nan<br>ID: 0036,"rgb(141,211,199)"
7.1051693,-12.589482,Agon III,Andreas Steinbrecher,2024,0,,0033,,<b>Agon III</b><br>Artist: Andreas Steinbrecher<br>Year: 2024<br>Cluster: 0<br>Shelf: nan<br>ID: 0033,"rgb(141,211,199)"
-1.7136675,-17.166178,Katze im Draht,Andreas Steinbrecher,2019,0,,0037,,<b>Katze im Draht</b><br>Artist: Andreas Steinbrecher<br>Year: 2019<br>Cluster: 0<br>Shelf: nan<br>ID: 0037,"rgb(141,211,199)"
4.4408903,-14.029892,Karambolage,Andreas Steinbrecher,2019,0,,0038,,<b>Karambolage</b><br>Artist: Andreas Steinbrecher<br>Year: 2019<br>Cluster: 0<br>Shelf: nan<br>ID: 0038,"rgb(141,211,199)"
-12.595299,24.069248,o.T. (Palme),Andreas Steinbrecher,2021,0,,0048,,<b>o.T. (Palme)</b><br>Artist: Andreas Steinbrecher<br>Year: 2021<br>Cluster: 0<br>Shelf: nan<br>ID: 0048,"rgb(141,211,199)"
-15.591526,22.884693,Eternal Drama,Andreas Steinbrecher,2019,0,,0046,,<b>Eternal Drama</b><br>Artist: Andreas Steinbrecher<br>Year: 2019<br>Cluster: 0<br>Shelf: nan<br>ID: 0046,"rgb(141,211,199)"
7.206124,-8.964372,o.T. (Hand),Andreas Steinbrecher,2020,0,,0047,,<b>o.T. (Hand)</b><br>Artist: Andreas Steinbrecher<br>Year: 2020<br>Cluster: 0<br>Shelf: nan<br>ID: 0047,"rgb(141,211,199)"
19.023726,2.7496202,"Faith, Hope, Love (Green, Silver, Pink)",Jung Yun Jang,2020,0,,0441,,"<b>Faith, Hope, Love (Green, Silver, Pink)</b><br>Artist: Jung Yun Jang<br>Year: 2020<br>Cluster: 0<br>Shelf: nan<br>ID: 0441","rgb(141,211,199)"
-15.426476,-0.10353261,hands around the dinner table (small paintings),Jung Yun Jang,2018,0,,0440,,<b>hands around the dinner table (small paintings)</b><br>Artist: Jung Yun Jang<br>Year: 2018<br>Cluster: 0<br>Shelf: nan<br>ID: 0440,"rgb(141,211,199)"
-0.691847,-7.1271515,ohne Titel (Nikita),Anna Mirbach,2010,0,,0353,,<b>ohne Titel (Nikita)</b><br>Artist: Anna Mirbach<br>Year: 2010<br>Cluster: 0<br>Shelf: nan<br>ID: 0353,"rgb(141,211,199)"
-0.10469327,-8.1429205,ohne Titel,Barbara Schwehn,2023,0,,0354,,<b>ohne Titel</b><br>Artist: Barbara Schwehn<br>Year: 2023<br>Cluster: 0<br>Shelf: nan<br>ID: 0354,"rgb(141,211,199)"
19.024134,-14.791592,Vaire Bayes 1 (broken),Franziska Frings,,0,,0097,,<b>Vaire Bayes 1 (broken)</b><br>Artist: Franziska Frings<br>Year: nan<br>Cluster: 0<br>Shelf: nan<br>ID: 0097,"rgb(141,211,199)"
1.8430576,13.945955,Through The Looking Glass 1,Anna Jocham,2022,0,,0205,,<b>Through The Looking Glass 1</b><br>Artist: Anna Jocham<br>Year: 2022<br>Cluster: 0<br>Shelf: nan<br>ID: 0205,"rgb(141,211,199)"
12.006812,-7.76747,o. T. ,Lucie Gorzolka,2024,0,,0295,,<b>o. T. </b><br>Artist: Lucie Gorzolka<br>Year: 2024<br>Cluster: 0<br>Shelf: nan<br>ID: 0295,"rgb(141,211,199)"
16.128132,-15.426275,untitled,Franziska Frings,,0,,0176,,<b>untitled</b><br>Artist: Franziska Frings<br>Year: nan<br>Cluster: 0<br>Shelf: nan<br>ID: 0176,"rgb(141,211,199)"
9.2598505,-3.5090246,silvergrotto #5,,2023,0,,0200,,<b>silvergrotto #5</b><br>Artist: nan<br>Year: 2023<br>Cluster: 0<br>Shelf: nan<br>ID: 0200,"rgb(141,211,199)"
3.2569718,0.97053933,"Kandelabo, o.T. (grau auf braun)",Melanie Richter,2011,0,,0222,,"<b>Kandelabo, o.T. (grau auf braun)</b><br>Artist: Melanie Richter<br>Year: 2011<br>Cluster: 0<br>Shelf: nan<br>ID: 0222","rgb(141,211,199)"
3.5021906,-2.2101038,BREAKOUT E.V.A. II,Melanie Richter,2005,0,,0226,,<b>BREAKOUT E.V.A. II</b><br>Artist: Melanie Richter<br>Year: 2005<br>Cluster: 0<br>Shelf: nan<br>ID: 0226,"rgb(141,211,199)"
-6.4862986,-16.006039,Blagoweschtschensk Klein,Katharina Keller,2018,0,,0459,,<b>Blagoweschtschensk Klein</b><br>Artist: Katharina Keller<br>Year: 2018<br>Cluster: 0<br>Shelf: nan<br>ID: 0459,"rgb(141,211,199)"
-7.181376,-18.785328,Chabarovsk,Katharina Keller,2018,0,,0458,,<b>Chabarovsk</b><br>Artist: Katharina Keller<br>Year: 2018<br>Cluster: 0<br>Shelf: nan<br>ID: 0458,"rgb(141,211,199)"
0.76387787,15.340056,Through The Looking Glass 1,Anna Jocham,2022,0,,0204,,<b>Through The Looking Glass 1</b><br>Artist: Anna Jocham<br>Year: 2022<br>Cluster: 0<br>Shelf: nan<br>ID: 0204,"rgb(141,211,199)"
-0.11971313,-13.813628,Distel,Andreas Steinbrecher,2021,0,,0013,,<b>Distel</b><br>Artist: Andreas Steinbrecher<br>Year: 2021<br>Cluster: 0<br>Shelf: nan<br>ID: 0013,"rgb(141,211,199)"
-21.37963,20.747044,3 der Schwerter - Tarot ,Eric Hubbes,2023,0,,0122,,<b>3 der Schwerter - Tarot </b><br>Artist: Eric Hubbes<br>Year: 2023<br>Cluster: 0<br>Shelf: nan<br>ID: 0122,"rgb(141,211,199)"
-5.2921176,8.394883,Air Repair,Manuel Boden,2021/2024,0,,0074,"Pictures of the sky. A sequence of eight images, retouched after being selected from my collection of promotional airline postcards.","<b>Air Repair</b><br>Artist: Manuel Boden<br>Year: 2021/2024<br>Cluster: 0<br>Shelf: nan<br>ID: 0074<br><br>Pictures of the sky. A sequence of eight images, retouched after being selected from my collection of promotional airline postcards....","rgb(141,211,199)"
10.301523,1.030064,untitled,Deniz Ahmet Saridas,2023,0,,0052,,<b>untitled</b><br>Artist: Deniz Ahmet Saridas<br>Year: 2023<br>Cluster: 0<br>Shelf: nan<br>ID: 0052,"rgb(141,211,199)"
11.332555,-2.6461234,Lady Death,Eric Hubbes,2020,0,,0116,,<b>Lady Death</b><br>Artist: Eric Hubbes<br>Year: 2020<br>Cluster: 0<br>Shelf: nan<br>ID: 0116,"rgb(141,211,199)"
3.882858,-4.6147265,Zone 4 / Wiese,Helene Kuschnarew,2024,0,,0004,,<b>Zone 4 / Wiese</b><br>Artist: Helene Kuschnarew<br>Year: 2024<br>Cluster: 0<br>Shelf: nan<br>ID: 0004,"rgb(141,211,199)"
-13.640382,25.034315,Kleiner Kopf,Jens Stittgen,2020,0,,0248,,<b>Kleiner Kopf</b><br>Artist: Jens Stittgen<br>Year: 2020<br>Cluster: 0<br>Shelf: nan<br>ID: 0248,"rgb(141,211,199)"
-4.9156785,31.66186,Untitled Figure (Stamina),Simon Wienk-Borgert,2022–2023,0,,0180,,<b>Untitled Figure (Stamina)</b><br>Artist: Simon Wienk-Borgert<br>Year: 2022–2023<br>Cluster: 0<br>Shelf: nan<br>ID: 0180,"rgb(141,211,199)"
-3.569952,19.175686,Thunder,Manuel Boden,2024,0,,0264,,<b>Thunder</b><br>Artist: Manuel Boden<br>Year: 2024<br>Cluster: 0<br>Shelf: nan<br>ID: 0264,"rgb(141,211,199)"
4.2494125,-12.924036,Kamm,Andreas Steinbrecher,2021,0,,0014,,<b>Kamm</b><br>Artist: Andreas Steinbrecher<br>Year: 2021<br>Cluster: 0<br>Shelf: nan<br>ID: 0014,"rgb(141,211,199)"
-5.2294135,-13.886788,Von der Möglichkeit sich mit etwas abzufinden,Tabea Borchardt,2018,0,,0214,"„Von der Möglichkeit, sich mit etwas ab zu finden“ Ausgehend von Found Footage, Archivmaterialien, Objekten und Gegenständen werden in meinen aktuellen Arbeiten Begriffe des fotografischen thematisier","<b>Von der Möglichkeit sich mit etwas abzufinden</b><br>Artist: Tabea Borchardt<br>Year: 2018<br>Cluster: 0<br>Shelf: nan<br>ID: 0214<br><br>„Von der Möglichkeit, sich mit etwas ab zu finden“ Ausgehend von Found Footage, Archivmaterialien, Objekten und Gegenständen werden in meinen aktuelle...","rgb(141,211,199)"
-21.359516,20.674257,Gerechtigkeit - Tarot,Eric Hubbes,2023,0,,0121,,<b>Gerechtigkeit - Tarot</b><br>Artist: Eric Hubbes<br>Year: 2023<br>Cluster: 0<br>Shelf: nan<br>ID: 0121,"rgb(141,211,199)"
-0.25915837,-11.024316,Die Herrscherin – Tarrot ,Eric Hubbes,2023,0,,0125,,<b>Die Herrscherin – Tarrot </b><br>Artist: Eric Hubbes<br>Year: 2023<br>Cluster: 0<br>Shelf: nan<br>ID: 0125,"rgb(141,211,199)"
-16.30471,20.782562,Quälgeist,Eric Hubbes,2020,0,,0119,,<b>Quälgeist</b><br>Artist: Eric Hubbes<br>Year: 2020<br>Cluster: 0<br>Shelf: nan<br>ID: 0119,"rgb(141,211,199)"
9.98436,2.032856,guest + host = ghost,Deniz Ahmet Saridas,2023,0,,0053,,<b>guest + host = ghost</b><br>Artist: Deniz Ahmet Saridas<br>Year: 2023<br>Cluster: 0<br>Shelf: nan<br>ID: 0053,"rgb(141,211,199)"
-5.435453,23.146822,Domestic Bliss,Lillith Sachsenhauser,2024,0,,0316,,<b>Domestic Bliss</b><br>Artist: Lillith Sachsenhauser<br>Year: 2024<br>Cluster: 0<br>Shelf: nan<br>ID: 0316,"rgb(141,211,199)"
3.06499,-5.946519,Ordner 5,Helene Kuschnarew,2020–2024,0,,0007,,<b>Ordner 5</b><br>Artist: Helene Kuschnarew<br>Year: 2020–2024<br>Cluster: 0<br>Shelf: nan<br>ID: 0007,"rgb(141,211,199)"
0.55604815,-3.884391,Fontänenmodul,Paula Rinderle,2024,0,,0070,,<b>Fontänenmodul</b><br>Artist: Paula Rinderle<br>Year: 2024<br>Cluster: 0<br>Shelf: nan<br>ID: 0070,"rgb(141,211,199)"
6.7518816,-22.47454,Catch me off guard,Janis Löhrer,2022,0,,0144,,<b>Catch me off guard</b><br>Artist: Janis Löhrer<br>Year: 2022<br>Cluster: 0<br>Shelf: nan<br>ID: 0144,"rgb(141,211,199)"
-21.401453,21.345568,Hierophant - Tarot,Eric Hubbes,2023,0,,0124,,<b>Hierophant - Tarot</b><br>Artist: Eric Hubbes<br>Year: 2023<br>Cluster: 0<br>Shelf: nan<br>ID: 0124,"rgb(141,211,199)"
16.396614,-4.453736,Mond 1,Sophie Isabel Urban,2022,0,,0165,,<b>Mond 1</b><br>Artist: Sophie Isabel Urban<br>Year: 2022<br>Cluster: 0<br>Shelf: nan<br>ID: 0165,"rgb(141,211,199)"
16.623026,-7.769713,Slice me nice,Madlin Bentlage,2023,0,,0195,,<b>Slice me nice</b><br>Artist: Madlin Bentlage<br>Year: 2023<br>Cluster: 0<br>Shelf: nan<br>ID: 0195,"rgb(141,211,199)"
19.987265,-6.392527,Orange Eclipse,Manuel Boden,2022,0,,0085,,<b>Orange Eclipse</b><br>Artist: Manuel Boden<br>Year: 2022<br>Cluster: 0<br>Shelf: nan<br>ID: 0085,"rgb(141,211,199)"
-14.302514,18.971542,Hospelt Strasse,Eric Hubbes,2020,0,,0112,,<b>Hospelt Strasse</b><br>Artist: Eric Hubbes<br>Year: 2020<br>Cluster: 0<br>Shelf: nan<br>ID: 0112,"rgb(141,211,199)"
-14.018982,19.664045,Meine Ecke in Ehrenfeld,Eric Hubbes,2020,0,,0113,,<b>Meine Ecke in Ehrenfeld</b><br>Artist: Eric Hubbes<br>Year: 2020<br>Cluster: 0<br>Shelf: nan<br>ID: 0113,"rgb(141,211,199)"
10.879554,-12.608772,Kummer,Eric Hubbes,2020,0,,0118,,<b>Kummer</b><br>Artist: Eric Hubbes<br>Year: 2020<br>Cluster: 0<br>Shelf: nan<br>ID: 0118,"rgb(141,211,199)"
-3.2024722,22.96721,o.T. ,Manuel Boden,2024,0,,0084,,<b>o.T. </b><br>Artist: Manuel Boden<br>Year: 2024<br>Cluster: 0<br>Shelf: nan<br>ID: 0084,"rgb(141,211,199)"
9.993652,-12.674735,Ehren Candy,Eric Hubbes,2020,0,,0111,,<b>Ehren Candy</b><br>Artist: Eric Hubbes<br>Year: 2020<br>Cluster: 0<br>Shelf: nan<br>ID: 0111,"rgb(141,211,199)"
-15.6517515,20.25731,Höheres Bewusstsein,Eric Hubbes,2021,0,,0117,,<b>Höheres Bewusstsein</b><br>Artist: Eric Hubbes<br>Year: 2021<br>Cluster: 0<br>Shelf: nan<br>ID: 0117,"rgb(141,211,199)"
-7.0845475,30.171188,Final Credits,Manuel Dück,2018,0,,0138,,<b>Final Credits</b><br>Artist: Manuel Dück<br>Year: 2018<br>Cluster: 0<br>Shelf: nan<br>ID: 0138,"rgb(141,211,199)"
1.8430576,13.945955,Through The Looking Glass 1 ,Anna Jocham,2022,0,,0206,,<b>Through The Looking Glass 1 </b><br>Artist: Anna Jocham<br>Year: 2022<br>Cluster: 0<br>Shelf: nan<br>ID: 0206,"rgb(141,211,199)"
16.749235,-9.887683,Spoiler,Manuel Boden,,0,,0265,,<b>Spoiler</b><br>Artist: Manuel Boden<br>Year: nan<br>Cluster: 0<br>Shelf: nan<br>ID: 0265,"rgb(141,211,199)"
17.025827,-12.273555,Every Cloud has a silver lining,Anna Jocham,2024,0,,0201,,<b>Every Cloud has a silver lining</b><br>Artist: Anna Jocham<br>Year: 2024<br>Cluster: 0<br>Shelf: nan<br>ID: 0201,"rgb(141,211,199)"
4.502593,-12.84159,Ramm,Andreas Steinbrecher,2021,0,,,,<b>Ramm</b><br>Artist: Andreas Steinbrecher<br>Year: 2021<br>Cluster: 0<br>Shelf: nan<br>ID: nan,"rgb(141,211,199)"
-5.291244,30.353994,"Untitled Blueprint (22, I)",Simon Wienk-Borgert,2022,0,,0182,,"<b>Untitled Blueprint (22, I)</b><br>Artist: Simon Wienk-Borgert<br>Year: 2022<br>Cluster: 0<br>Shelf: nan<br>ID: 0182","rgb(141,211,199)"
18.227129,-15.678109,Naive Bayes 2,Franziska Frings,2022,0,,0457,,<b>Naive Bayes 2</b><br>Artist: Franziska Frings<br>Year: 2022<br>Cluster: 0<br>Shelf: nan<br>ID: 0457,"rgb(141,211,199)"
8.727979,-9.085187,o.T. ,Konstantine Kakabadze,2023,0,,0209,,<b>o.T. </b><br>Artist: Konstantine Kakabadze<br>Year: 2023<br>Cluster: 0<br>Shelf: nan<br>ID: 0209,"rgb(141,211,199)"
-4.9155188,31.705685,Untitled Figure (Oximoron),Simon Wienk-Borgert,2024,0,,0419,,<b>Untitled Figure (Oximoron)</b><br>Artist: Simon Wienk-Borgert<br>Year: 2024<br>Cluster: 0<br>Shelf: nan<br>ID: 0419,"rgb(141,211,199)"
13.355777,-19.88597,"Untitled (Kringe, braun)",Franziska Frings,2021,0,,0071,,"<b>Untitled (Kringe, braun)</b><br>Artist: Franziska Frings<br>Year: 2021<br>Cluster: 0<br>Shelf: nan<br>ID: 0071","rgb(141,211,199)"
2.7677379,-11.968401,Furche,Andreas Steinbrecher,2021,0,,0035,,<b>Furche</b><br>Artist: Andreas Steinbrecher<br>Year: 2021<br>Cluster: 0<br>Shelf: nan<br>ID: 0035,"rgb(141,211,199)"
0.5561637,-3.8844044,Fontänenmodul,Paula Rinderle,2024,0,,0059,,<b>Fontänenmodul</b><br>Artist: Paula Rinderle<br>Year: 2024<br>Cluster: 0<br>Shelf: nan<br>ID: 0059,"rgb(141,211,199)"
-2.9567628,-10.982525,"Wenn du keine Mäuse hast, darfst du dir kein Kätzchen halten",Lillith Sachsenhauser,2024,0,,0314,,"<b>Wenn du keine Mäuse hast, darfst du dir kein Kätzchen halten</b><br>Artist: Lillith Sachsenhauser<br>Year: 2024<br>Cluster: 0<br>Shelf: nan<br>ID: 0314","rgb(141,211,199)"
-7.6641665,-17.903023,Iwolginsk,Katharina Keller,2018,0,,0465,,<b>Iwolginsk</b><br>Artist: Katharina Keller<br>Year: 2018<br>Cluster: 0<br>Shelf: nan<br>ID: 0465,"rgb(141,211,199)"
-8.516843,-19.845146,Omsk I,Katharina Keller,2918,0,,0461,,<b>Omsk I</b><br>Artist: Katharina Keller<br>Year: 2918<br>Cluster: 0<br>Shelf: nan<br>ID: 0461,"rgb(141,211,199)"
-8.417135,-18.510813,Novosibirsk,Katharina Keller,2018,0,,0463,,<b>Novosibirsk</b><br>Artist: Katharina Keller<br>Year: 2018<br>Cluster: 0<br>Shelf: nan<br>ID: 0463,"rgb(141,211,199)"
-9.225668,-18.294743,Barnaul,Katharina Keller,2018,0,,0462,,<b>Barnaul</b><br>Artist: Katharina Keller<br>Year: 2018<br>Cluster: 0<br>Shelf: nan<br>ID: 0462,"rgb(141,211,199)"
-6.4805846,-16.080847,Blagoweschtschensk,Katharina Keller,2018,0,,0464,,<b>Blagoweschtschensk</b><br>Artist: Katharina Keller<br>Year: 2018<br>Cluster: 0<br>Shelf: nan<br>ID: 0464,"rgb(141,211,199)"
-8.436765,-19.42706,Omsk II,Katharina Keller,2018,0,,0460,,<b>Omsk II</b><br>Artist: Katharina Keller<br>Year: 2018<br>Cluster: 0<br>Shelf: nan<br>ID: 0460,"rgb(141,211,199)"
3.3642352,-20.203588,ohne Titel,Vögele Lukas,2025,0,,0472,,<b>ohne Titel</b><br>Artist: Vögele Lukas<br>Year: 2025<br>Cluster: 0<br>Shelf: nan<br>ID: 0472,"rgb(141,211,199)"
12.897972,-16.975204,Gateway-Timeout,Franziska Frings,2021,0,,0453,,<b>Gateway-Timeout</b><br>Artist: Franziska Frings<br>Year: 2021<br>Cluster: 0<br>Shelf: nan<br>ID: 0453,"rgb(141,211,199)"
-6.8785157,-17.175354,Listwjanka,Katharina Keller,2018,0,,0466,,<b>Listwjanka</b><br>Artist: Katharina Keller<br>Year: 2018<br>Cluster: 0<br>Shelf: nan<br>ID: 0466,"rgb(141,211,199)"
-8.733312,-17.520153,Kazan,Katharina Keller,2018,0,,0467,,<b>Kazan</b><br>Artist: Katharina Keller<br>Year: 2018<br>Cluster: 0<br>Shelf: nan<br>ID: 0467,"rgb(141,211,199)"
-2.306875,-9.293169,ohne Titel (when she fell down),Emmélie Lempert,2024,0,,0445/25,,<b>ohne Titel (when she fell down)</b><br>Artist: Emmélie Lempert<br>Year: 2024<br>Cluster: 0<br>Shelf: nan<br>ID: 0445/25,"rgb(141,211,199)"
10.518049,-14.336991,Post Mortem,Eric Hubbes,2019,0,,0120,,<b>Post Mortem</b><br>Artist: Eric Hubbes<br>Year: 2019<br>Cluster: 0<br>Shelf: nan<br>ID: 0120,"rgb(141,211,199)"
-2.8886704,-5.270629,9 der Stäbe - Tarot,Eric Hubbes,2023,0,,0123,,<b>9 der Stäbe - Tarot</b><br>Artist: Eric Hubbes<br>Year: 2023<br>Cluster: 0<br>Shelf: nan<br>ID: 0123,"rgb(141,211,199)"
18.511084,2.8460789,"Faith, Hope, Love (word box)",Jung Yun Jang,2022,0,,0442,,"<b>Faith, Hope, Love (word box)</b><br>Artist: Jung Yun Jang<br>Year: 2022<br>Cluster: 0<br>Shelf: nan<br>ID: 0442","rgb(141,211,199)"
-2.4370685,-1.5332521,Obscured_by_atmosphere,"Fabian, Raphael Sokolowski",2024,0,,0262,,"<b>Obscured_by_atmosphere</b><br>Artist: Fabian, Raphael Sokolowski<br>Year: 2024<br>Cluster: 0<br>Shelf: nan<br>ID: 0262","rgb(141,211,199)"
1.3463987,-20.282211,Märchenbrunnen,Manuel Boden,2024,0,,0266,,<b>Märchenbrunnen</b><br>Artist: Manuel Boden<br>Year: 2024<br>Cluster: 0<br>Shelf: nan<br>ID: 0266,"rgb(141,211,199)"
15.627579,-16.568869,untitled,Franziska Frings,,0,,0452,,<b>untitled</b><br>Artist: Franziska Frings<br>Year: nan<br>Cluster: 0<br>Shelf: nan<br>ID: 0452,"rgb(141,211,199)"
-10.262849,28.048883,ohne Titel,Paula Rinderle,2021,0,,0065,,<b>ohne Titel</b><br>Artist: Paula Rinderle<br>Year: 2021<br>Cluster: 0<br>Shelf: nan<br>ID: 0065,"rgb(141,211,199)"
11.86093,-8.256264,o. T. ,Lucie Gorzolka,2022,0,,0296,,<b>o. T. </b><br>Artist: Lucie Gorzolka<br>Year: 2022<br>Cluster: 0<br>Shelf: nan<br>ID: 0296,"rgb(141,211,199)"
-11.452183,22.992073,o. T. ,Lucie Gorzolka,2023,0,,0303,,<b>o. T. </b><br>Artist: Lucie Gorzolka<br>Year: 2023<br>Cluster: 0<br>Shelf: nan<br>ID: 0303,"rgb(141,211,199)"
12.798657,-9.879886,Blickfang,Lucie Gorzolka,2022,0,,0304,,<b>Blickfang</b><br>Artist: Lucie Gorzolka<br>Year: 2022<br>Cluster: 0<br>Shelf: nan<br>ID: 0304,"rgb(141,211,199)"
14.245859,-9.662152,Brücke,Lucie Gorzolka,2024,0,,0298,,<b>Brücke</b><br>Artist: Lucie Gorzolka<br>Year: 2024<br>Cluster: 0<br>Shelf: nan<br>ID: 0298,"rgb(141,211,199)"
11.325616,-7.577518,o. T. ,Lucie Gorzolka,2023,0,,0299,,<b>o. T. </b><br>Artist: Lucie Gorzolka<br>Year: 2023<br>Cluster: 0<br>Shelf: nan<br>ID: 0299,"rgb(141,211,199)"
-9.840967,22.332624,Chart of Strata,Lucie Gorzolka,2024,0,,0297,,<b>Chart of Strata</b><br>Artist: Lucie Gorzolka<br>Year: 2024<br>Cluster: 0<br>Shelf: nan<br>ID: 0297,"rgb(141,211,199)"
13.005228,-8.731272,Leitsystem,Lucie Gorzolka,2023,0,,0301,,<b>Leitsystem</b><br>Artist: Lucie Gorzolka<br>Year: 2023<br>Cluster: 0<br>Shelf: nan<br>ID: 0301,"rgb(141,211,199)"
-10.324197,23.286476,63a,Lucie Gorzolka,2023,0,,0302,,<b>63a</b><br>Artist: Lucie Gorzolka<br>Year: 2023<br>Cluster: 0<br>Shelf: nan<br>ID: 0302,"rgb(141,211,199)"
14.439666,-16.167953,untitled,Franziska Frings,2020,0,,0456,,<b>untitled</b><br>Artist: Franziska Frings<br>Year: 2020<br>Cluster: 0<br>Shelf: nan<br>ID: 0456,"rgb(141,211,199)"
8.162824,-10.658411,Hydra,Jani Vrangaki,2025,0,,0478,,<b>Hydra</b><br>Artist: Jani Vrangaki<br>Year: 2025<br>Cluster: 0<br>Shelf: nan<br>ID: 0478,"rgb(141,211,199)"
6.3092694,3.3038006,Rose,Barbara Schwehn,2022,0,,0356,,<b>Rose</b><br>Artist: Barbara Schwehn<br>Year: 2022<br>Cluster: 0<br>Shelf: nan<br>ID: 0356,"rgb(141,211,199)"
-2.4914289,-7.663919,Out of Order / on display,Tabea Borchardt,2020,0,,0218,,<b>Out of Order / on display</b><br>Artist: Tabea Borchardt<br>Year: 2020<br>Cluster: 0<br>Shelf: nan<br>ID: 0218,"rgb(141,211,199)"
-9.533935,26.413671,Zone 3 / Wiese,Helene Kuschnarew,2024,0,,0003,,<b>Zone 3 / Wiese</b><br>Artist: Helene Kuschnarew<br>Year: 2024<br>Cluster: 0<br>Shelf: nan<br>ID: 0003,"rgb(141,211,199)"
-6.1491194,18.515047,Ohne Titel,Manuel Boden,2019/2024,0,,0079,,<b>Ohne Titel</b><br>Artist: Manuel Boden<br>Year: 2019/2024<br>Cluster: 0<br>Shelf: nan<br>ID: 0079,"rgb(141,211,199)"
-17.106884,28.466099,Grabbeigaben I,Natalya Matyashek,2023,0,,0184,,<b>Grabbeigaben I</b><br>Artist: Natalya Matyashek<br>Year: 2023<br>Cluster: 0<br>Shelf: nan<br>ID: 0184,"rgb(141,211,199)"
-7.1922517,28.590378,For Mother Mary,Manuel Dück,2022,0,,0139,,<b>For Mother Mary</b><br>Artist: Manuel Dück<br>Year: 2022<br>Cluster: 0<br>Shelf: nan<br>ID: 0139,"rgb(141,211,199)"
-12.404533,28.169962,ohne Titel (ohne Träger),Natalya Matyashek,2024,0,,0191,,<b>ohne Titel (ohne Träger)</b><br>Artist: Natalya Matyashek<br>Year: 2024<br>Cluster: 0<br>Shelf: nan<br>ID: 0191,"rgb(141,211,199)"
-11.652587,20.366789,Zonda,Carolin Israel,2023,0,,0477,,<b>Zonda</b><br>Artist: Carolin Israel<br>Year: 2023<br>Cluster: 0<br>Shelf: nan<br>ID: 0477,"rgb(141,211,199)"
-18.404287,20.505993,Zeitbombe 1,Eric Hubbes,2020,0,,0126,,<b>Zeitbombe 1</b><br>Artist: Eric Hubbes<br>Year: 2020<br>Cluster: 0<br>Shelf: nan<br>ID: 0126,"rgb(141,211,199)"
-18.36609,20.488323,Zeitbombe 2,Eric Hubbes,2020,0,,0127,,<b>Zeitbombe 2</b><br>Artist: Eric Hubbes<br>Year: 2020<br>Cluster: 0<br>Shelf: nan<br>ID: 0127,"rgb(141,211,199)"
7.648014,-27.745037,Chapeau!,Miriam Schenkirz,2025,0,,0484,,<b>Chapeau!</b><br>Artist: Miriam Schenkirz<br>Year: 2025<br>Cluster: 0<br>Shelf: nan<br>ID: 0484,"rgb(141,211,199)"
0.6137683,-27.394287,Dirty Trainer 2,Janis Löhrer,2025,0,,0403,,<b>Dirty Trainer 2</b><br>Artist: Janis Löhrer<br>Year: 2025<br>Cluster: 0<br>Shelf: nan<br>ID: 0403,"rgb(141,211,199)"
1.2133081,-22.118633,Hair Tonic,Janis Löhrer,2025,0,,0407,,<b>Hair Tonic</b><br>Artist: Janis Löhrer<br>Year: 2025<br>Cluster: 0<br>Shelf: nan<br>ID: 0407,"rgb(141,211,199)"
5.6443243,-26.825352,Schwarze Socke,Janis Löhrer,2025,0,,0408,,<b>Schwarze Socke</b><br>Artist: Janis Löhrer<br>Year: 2025<br>Cluster: 0<br>Shelf: nan<br>ID: 0408,"rgb(141,211,199)"
2.438922,-22.402847,Wischmop,Janis Löhrer,2025,0,,0409,,<b>Wischmop</b><br>Artist: Janis Löhrer<br>Year: 2025<br>Cluster: 0<br>Shelf: nan<br>ID: 0409,"rgb(141,211,199)"
11.362509,-25.06913,Rhyton II,Timo Elmpt-Habel,2021,0,,0351,,<b>Rhyton II</b><br>Artist: Timo Elmpt-Habel<br>Year: 2021<br>Cluster: 0<br>Shelf: nan<br>ID: 0351,"rgb(141,211,199)"
11.347974,-25.076046,Black Rhyton,Timo Elmpt-Habel,2024,0,,0352,,<b>Black Rhyton</b><br>Artist: Timo Elmpt-Habel<br>Year: 2024<br>Cluster: 0<br>Shelf: nan<br>ID: 0352,"rgb(141,211,199)"
4.006362,-0.22188899,"Kandelaber, o.T. ",Melanie Richter,2011,0,,0222,,"<b>Kandelaber, o.T. </b><br>Artist: Melanie Richter<br>Year: 2011<br>Cluster: 0<br>Shelf: nan<br>ID: 0222","rgb(141,211,199)"
-22.83983,27.985445,Orchideen im Wohnzimmer meiner Eltern II,Eric Hubbes,2022,0,,0129,,<b>Orchideen im Wohnzimmer meiner Eltern II</b><br>Artist: Eric Hubbes<br>Year: 2022<br>Cluster: 0<br>Shelf: nan<br>ID: 0129,"rgb(141,211,199)"
-23.048002,27.212423,Orchideen im Wohnzimmer meiner Eltern III,Eric Hubbes,2022,0,,0130,,<b>Orchideen im Wohnzimmer meiner Eltern III</b><br>Artist: Eric Hubbes<br>Year: 2022<br>Cluster: 0<br>Shelf: nan<br>ID: 0130,"rgb(141,211,199)"
-22.848804,27.699171,Orchideen im Wohnzimmer meiner Eltern IV,Eric Hubbes,2022,0,,0131,,<b>Orchideen im Wohnzimmer meiner Eltern IV</b><br>Artist: Eric Hubbes<br>Year: 2022<br>Cluster: 0<br>Shelf: nan<br>ID: 0131,"rgb(141,211,199)"
-17.527563,22.004503,Katze und Maus,Eric Hubbes,2023,0,,0132,,<b>Katze und Maus</b><br>Artist: Eric Hubbes<br>Year: 2023<br>Cluster: 0<br>Shelf: nan<br>ID: 0132,"rgb(141,211,199)"
-14.54886,19.955172,Aussicht aus meinem Atelier,Eric Hubbes,2023,0,,0133,,<b>Aussicht aus meinem Atelier</b><br>Artist: Eric Hubbes<br>Year: 2023<br>Cluster: 0<br>Shelf: nan<br>ID: 0133,"rgb(141,211,199)"
-17.212755,19.143698,Der Bote,Eric Hubbes,2019,0,,0134,,<b>Der Bote</b><br>Artist: Eric Hubbes<br>Year: 2019<br>Cluster: 0<br>Shelf: nan<br>ID: 0134,"rgb(141,211,199)"
-10.818,24.38592,Ohne Titel,Lucie Gorzolka,2024,0,,0294,,<b>Ohne Titel</b><br>Artist: Lucie Gorzolka<br>Year: 2024<br>Cluster: 0<br>Shelf: nan<br>ID: 0294,"rgb(141,211,199)"
-2.1506166,28.359222,White Cube II,Jonas Hohnke,2020/21,0,,0309,,<b>White Cube II</b><br>Artist: Jonas Hohnke<br>Year: 2020/21<br>Cluster: 0<br>Shelf: nan<br>ID: 0309,"rgb(141,211,199)"
-6.2085977,23.610497,untitled,Lillith Sachsenhauser,2024,0,,0312,,<b>untitled</b><br>Artist: Lillith Sachsenhauser<br>Year: 2024<br>Cluster: 0<br>Shelf: nan<br>ID: 0312,"rgb(141,211,199)"
-4.9065924,24.460423,Volt 1,Christian Seybold,2023,0,,0342,,<b>Volt 1</b><br>Artist: Christian Seybold<br>Year: 2023<br>Cluster: 0<br>Shelf: nan<br>ID: 0342,"rgb(141,211,199)"
